referral_code,household_id,chw_id,issue_date,redemption_date,redemption_facility
REF0001,HH0001,CHW007,2023-08-18,2023-09-01,FAC011
REF0002,HH0002,CHW005,2023-04-21,2023-05-03,FAC012
REF0003,HH0004,CHW007,2023-10-10,,
REF0004,HH0006,CHW002,2023-05-23,2023-06-14,FAC009
REF0005,HH0007,CHW002,2023-10-01,2023-10-31,FAC018
REF0006,HH0009,CHW007,2023-02-03,,
REF0007,HH0012,CHW003,2023-02-16,2023-03-10,FAC014
REF0008,HH0013,CHW010,2023-07-17,,
REF0009,HH0014,CHW001,2023-02-28,2023-03-10,FAC014
REF0010,HH0016,CHW003,2023-11-17,,
REF0011,HH0017,CHW009,2023-01-01,,
REF0012,HH0018,CHW005,2023-01-30,,
REF0013,HH0019,CHW002,2023-03-07,,
REF0014,HH0020,CHW007,2023-10-04,2023-10-26,FAC012
REF0015,HH0021,CHW008,2023-03-03,,
REF0016,HH0023,CHW004,2023-01-17,2023-02-02,FAC007
REF0017,HH0024,CHW009,2023-10-20,,
REF0018,HH0025,CHW004,2023-02-19,,
REF0019,HH0026,CHW001,2023-12-01,,
REF0020,HH0030,CHW002,2023-03-27,,
REF0021,HH0032,CHW005,2023-05-27,2023-05-29,FAC019
REF0022,HH0036,CHW007,2023-10-19,,
REF0023,HH0037,CHW010,2023-09-25,,
REF0024,HH0044,CHW009,2023-05-20,2023-06-10,FAC009
REF0025,HH0045,CHW009,2023-05-09,,
REF0026,HH0046,CHW005,2023-01-02,2023-01-26,FAC015
REF0027,HH0047,CHW009,2023-08-07,,
REF0028,HH0048,CHW003,2023-07-09,2023-07-21,FAC002
REF0029,HH0049,CHW006,2023-12-16,,
REF0030,HH0052,CHW004,2023-03-23,2023-04-08,FAC008
REF0031,HH0053,CHW004,2023-06-29,,
REF0032,HH0054,CHW007,2023-05-23,,
REF0033,HH0057,CHW006,2023-06-10,,
REF0034,HH0058,CHW005,2023-12-29,2024-01-20,FAC011
REF0035,HH0059,CHW010,2023-12-06,,
REF0036,HH0060,CHW006,2023-12-23,,
REF0037,HH0061,CHW007,2023-11-12,2023-11-22,FAC007
REF0038,HH0062,CHW007,2023-08-27,,
REF0039,HH0063,CHW003,2023-05-26,,
REF0040,HH0064,CHW004,2023-04-26,2023-05-12,FAC020
REF0041,HH0065,CHW002,2023-08-01,2023-08-14,FAC008
REF0042,HH0066,CHW003,2023-02-24,,
REF0043,HH0067,CHW009,2023-01-26,,
REF0044,HH0068,CHW009,2023-11-01,,
REF0045,HH0069,CHW009,2023-10-08,,
REF0046,HH0070,CHW005,2023-11-23,2023-11-26,FAC010
REF0047,HH0071,CHW004,2023-06-21,2023-07-14,FAC005
REF0048,HH0072,CHW004,2023-08-01,2023-08-15,FAC013
REF0049,HH0073,CHW010,2023-01-11,,
REF0050,HH0074,CHW005,2023-08-03,2023-08-19,FAC001
REF0051,HH0075,CHW007,2023-12-09,,
REF0052,HH0076,CHW003,2023-07-21,,
REF0053,HH0077,CHW008,2023-01-26,2023-02-20,FAC013
REF0054,HH0078,CHW005,2023-05-10,,
REF0055,HH0080,CHW001,2023-04-13,,
REF0056,HH0081,CHW002,2023-08-27,,
REF0057,HH0083,CHW005,2023-12-13,,
REF0058,HH0085,CHW010,2023-10-17,,
REF0059,HH0086,CHW002,2023-01-07,,
REF0060,HH0088,CHW010,2023-09-05,2023-10-05,FAC003
REF0061,HH0089,CHW005,2023-05-05,,
REF0062,HH0090,CHW006,2023-09-07,,
REF0063,HH0091,CHW005,2023-01-06,,
REF0064,HH0092,CHW008,2023-12-20,2023-12-30,FAC008
REF0065,HH0093,CHW007,2023-06-06,,
REF0066,HH0094,CHW007,2023-06-30,2023-07-24,FAC007
REF0067,HH0095,CHW006,2023-10-02,,
REF0068,HH0097,CHW004,2023-04-27,,
REF0069,HH0098,CHW005,2023-01-28,,
REF0070,HH0099,CHW002,2023-10-21,2023-10-23,FAC009
REF0071,HH0100,CHW008,2023-02-03,,
REF0072,HH0102,CHW002,2023-11-07,2023-12-07,FAC015
REF0073,HH0103,CHW005,2023-08-08,,
REF0074,HH0104,CHW004,2023-05-16,,
REF0075,HH0105,CHW003,2023-07-29,2023-08-21,FAC010
REF0076,HH0106,CHW008,2023-12-18,,
REF0077,HH0109,CHW010,2023-10-19,,
REF0078,HH0110,CHW007,2023-09-14,2023-09-28,FAC011
REF0079,HH0112,CHW005,2023-01-21,,
REF0080,HH0117,CHW006,2023-07-26,,
REF0081,HH0118,CHW007,2023-04-07,,
REF0082,HH0122,CHW002,2023-02-28,2023-03-30,FAC010
REF0083,HH0125,CHW010,2023-03-11,,
REF0084,HH0126,CHW006,2023-05-17,,
REF0085,HH0127,CHW010,2023-09-08,2023-09-26,FAC018
REF0086,HH0128,CHW007,2023-06-14,2023-07-09,FAC014
REF0087,HH0129,CHW001,2023-08-31,,
REF0088,HH0131,CHW002,2023-02-21,2023-03-21,FAC005
REF0089,HH0132,CHW002,2023-05-16,,
REF0090,HH0135,CHW002,2023-02-20,,
REF0091,HH0136,CHW001,2023-06-16,,
REF0092,HH0137,CHW004,2023-10-17,2023-11-14,FAC013
REF0093,HH0138,CHW010,2023-05-04,,
REF0094,HH0141,CHW006,2023-06-03,,
REF0095,HH0142,CHW005,2023-07-16,,
REF0096,HH0143,CHW010,2023-12-25,,
REF0097,HH0144,CHW001,2023-09-12,2023-10-08,FAC012
REF0098,HH0145,CHW004,2023-11-14,,
REF0099,HH0147,CHW003,2023-06-01,2023-06-19,FAC012
REF0100,HH0151,CHW009,2023-02-16,2023-02-28,FAC009
REF0101,HH0152,CHW010,2023-11-23,,
REF0102,HH0153,CHW010,2023-06-17,,
REF0103,HH0154,CHW008,2023-11-29,2023-12-15,FAC004
REF0104,HH0156,CHW006,2023-12-23,,
REF0105,HH0157,CHW007,2023-09-08,2023-09-23,FAC015
REF0106,HH0158,CHW004,2023-02-20,,
REF0107,HH0160,CHW008,2023-12-06,2023-12-11,FAC019
REF0108,HH0162,CHW004,2023-03-17,,
REF0109,HH0164,CHW003,2023-07-03,2023-07-12,FAC002
REF0110,HH0166,CHW008,2023-07-05,2023-07-25,FAC002
REF0111,HH0167,CHW009,2023-08-23,,
REF0112,HH0169,CHW002,2023-06-14,,
REF0113,HH0170,CHW010,2023-12-31,,
REF0114,HH0171,CHW002,2023-12-02,,
REF0115,HH0172,CHW007,2023-08-21,2023-08-30,FAC012
REF0116,HH0175,CHW009,2023-10-28,,
REF0117,HH0176,CHW007,2023-05-28,,
REF0118,HH0179,CHW010,2023-12-12,,
REF0119,HH0181,CHW006,2023-04-03,,
REF0120,HH0182,CHW001,2023-09-29,2023-10-09,FAC011
REF0121,HH0183,CHW010,2023-02-13,,
REF0122,HH0184,CHW002,2023-08-15,,
REF0123,HH0185,CHW004,2023-06-26,,
REF0124,HH0187,CHW010,2023-01-04,,
REF0125,HH0189,CHW003,2023-07-14,,
REF0126,HH0190,CHW006,2023-07-23,,
REF0127,HH0191,CHW002,2023-10-22,,
REF0128,HH0193,CHW010,2023-12-20,2024-01-03,FAC019
REF0129,HH0194,CHW007,2023-07-22,,
REF0130,HH0195,CHW002,2023-09-29,,
REF0131,HH0202,CHW005,2023-11-27,,
REF0132,HH0203,CHW008,2023-08-19,,
REF0133,HH0207,CHW005,2023-07-29,,
REF0134,HH0208,CHW002,2023-02-18,,
REF0135,HH0210,CHW006,2023-12-02,,
REF0136,HH0212,CHW009,2023-11-27,2023-12-04,FAC011
REF0137,HH0213,CHW008,2023-04-26,,
REF0138,HH0214,CHW002,2023-12-05,2023-12-11,FAC020
REF0139,HH0216,CHW010,2023-08-18,,
REF0140,HH0217,CHW008,2023-07-08,2023-07-21,FAC017
REF0141,HH0219,CHW001,2023-09-04,,
REF0142,HH0220,CHW002,2023-02-12,,
REF0143,HH0222,CHW007,2023-07-22,2023-07-30,FAC001
REF0144,HH0223,CHW006,2023-11-29,2023-12-26,FAC016
REF0145,HH0224,CHW003,2023-08-18,2023-08-23,FAC018
REF0146,HH0228,CHW010,2023-01-09,2023-01-10,FAC020
REF0147,HH0229,CHW006,2023-10-20,2023-11-06,FAC018
REF0148,HH0231,CHW001,2023-07-18,2023-07-21,FAC012
REF0149,HH0232,CHW004,2023-10-25,2023-11-05,FAC006
REF0150,HH0234,CHW002,2023-01-19,,
REF0151,HH0235,CHW006,2023-09-21,,
REF0152,HH0238,CHW008,2023-06-23,2023-07-19,FAC017
REF0153,HH0241,CHW005,2023-08-17,,
REF0154,HH0242,CHW008,2023-06-30,,
REF0155,HH0243,CHW001,2023-12-10,,
REF0156,HH0244,CHW003,2023-03-15,2023-04-09,FAC012
REF0157,HH0246,CHW008,2023-07-10,,
REF0158,HH0247,CHW007,2023-11-29,2023-12-16,FAC013
REF0159,HH0248,CHW009,2023-05-15,,
REF0160,HH0250,CHW008,2023-08-16,,
REF0161,HH0251,CHW009,2023-05-29,,
REF0162,HH0252,CHW003,2023-09-18,2023-10-04,FAC001
REF0163,HH0253,CHW006,2023-10-21,2023-10-31,FAC013
REF0164,HH0254,CHW008,2023-07-29,2023-08-01,FAC015
REF0165,HH0255,CHW008,2023-03-07,2023-03-24,FAC002
REF0166,HH0257,CHW004,2023-09-23,,
REF0167,HH0258,CHW009,2023-03-06,2023-03-25,FAC005
REF0168,HH0260,CHW002,2023-11-25,,
REF0169,HH0261,CHW007,2023-09-12,2023-09-20,FAC013
REF0170,HH0262,CHW005,2023-02-07,,
REF0171,HH0264,CHW006,2023-03-08,,
REF0172,HH0268,CHW008,2023-09-13,,
REF0173,HH0269,CHW009,2023-05-04,2023-05-24,FAC016
REF0174,HH0270,CHW005,2023-01-05,2023-01-17,FAC013
REF0175,HH0273,CHW009,2023-11-16,2023-11-28,FAC011
REF0176,HH0276,CHW008,2023-03-18,,
REF0177,HH0277,CHW003,2023-11-12,,
REF0178,HH0278,CHW009,2023-09-08,2023-09-19,FAC004
REF0179,HH0279,CHW007,2023-12-19,,
REF0180,HH0280,CHW010,2023-04-27,,
REF0181,HH0281,CHW010,2023-03-17,,
REF0182,HH0282,CHW002,2023-01-10,,
REF0183,HH0283,CHW007,2023-02-01,,
REF0184,HH0285,CHW006,2023-07-01,2023-07-09,FAC009
REF0185,HH0286,CHW009,2023-04-26,,
REF0186,HH0287,CHW008,2023-09-03,,
REF0187,HH0288,CHW009,2023-07-22,2023-08-14,FAC003
REF0188,HH0289,CHW006,2023-12-02,,
REF0189,HH0290,CHW005,2023-12-23,,
REF0190,HH0291,CHW004,2023-12-09,2023-12-23,FAC011
REF0191,HH0293,CHW003,2023-12-01,2023-12-11,FAC011
REF0192,HH0294,CHW005,2023-01-31,2023-02-24,FAC002
REF0193,HH0297,CHW001,2023-10-18,,
REF0194,HH0299,CHW008,2023-04-09,,
REF0195,HH0301,CHW005,2023-12-12,,
REF0196,HH0302,CHW007,2023-09-21,2023-09-26,FAC016
REF0197,HH0303,CHW006,2023-01-04,2023-01-15,FAC010
REF0198,HH0306,CHW003,2023-12-18,,
REF0199,HH0307,CHW005,2023-11-11,,
REF0200,HH0308,CHW010,2023-08-01,,
REF0201,HH0309,CHW004,2023-12-15,,
REF0202,HH0313,CHW008,2023-09-20,,
REF0203,HH0314,CHW005,2023-01-12,,
REF0204,HH0316,CHW002,2023-01-17,,
REF0205,HH0317,CHW007,2023-07-15,,
REF0206,HH0318,CHW009,2023-12-01,,
REF0207,HH0320,CHW008,2023-09-30,2023-10-09,FAC007
REF0208,HH0321,CHW002,2023-12-05,2023-12-25,FAC002
REF0209,HH0322,CHW008,2023-05-06,,
REF0210,HH0324,CHW010,2023-10-23,,
REF0211,HH0325,CHW009,2023-07-31,,
REF0212,HH0327,CHW007,2023-12-23,2024-01-10,FAC016
REF0213,HH0329,CHW001,2023-07-31,2023-08-11,FAC003
REF0214,HH0330,CHW008,2023-02-17,2023-03-09,FAC020
REF0215,HH0331,CHW001,2023-04-07,,
REF0216,HH0333,CHW002,2023-05-05,2023-05-16,FAC010
REF0217,HH0334,CHW007,2023-10-01,,
REF0218,HH0335,CHW008,2023-02-20,2023-02-27,FAC012
REF0219,HH0336,CHW006,2023-01-24,2023-02-11,FAC019
REF0220,HH0337,CHW010,2023-08-02,2023-08-29,FAC008
REF0221,HH0339,CHW008,2023-03-28,,
REF0222,HH0340,CHW008,2023-10-05,,
REF0223,HH0341,CHW002,2023-01-04,2023-01-11,FAC017
REF0224,HH0342,CHW008,2023-01-31,2023-02-18,FAC018
REF0225,HH0343,CHW007,2023-01-09,2023-01-26,FAC014
REF0226,HH0344,CHW003,2023-02-19,,
REF0227,HH0346,CHW008,2023-12-23,,
REF0228,HH0347,CHW001,2023-07-27,2023-08-02,FAC003
REF0229,HH0349,CHW001,2023-04-19,,
REF0230,HH0352,CHW005,2023-10-16,,
REF0231,HH0353,CHW007,2023-12-19,,
REF0232,HH0355,CHW006,2023-11-21,2023-12-04,FAC014
REF0233,HH0356,CHW003,2023-02-13,,
REF0234,HH0357,CHW002,2023-03-20,2023-03-24,FAC003
REF0235,HH0358,CHW001,2023-08-16,2023-08-30,FAC015
REF0236,HH0359,CHW009,2023-09-20,,
REF0237,HH0360,CHW010,2023-06-16,2023-06-19,FAC018
REF0238,HH0361,CHW004,2023-12-17,2023-12-22,FAC003
REF0239,HH0362,CHW003,2023-05-22,2023-05-30,FAC016
REF0240,HH0363,CHW010,2023-04-11,,
REF0241,HH0364,CHW006,2023-07-14,,
REF0242,HH0365,CHW010,2023-06-03,2023-06-16,FAC011
REF0243,HH0366,CHW005,2023-12-22,2024-01-17,FAC013
REF0244,HH0368,CHW009,2023-08-25,2023-09-17,FAC003
REF0245,HH0369,CHW007,2023-03-13,2023-03-27,FAC013
REF0246,HH0370,CHW002,2023-11-03,,
REF0247,HH0371,CHW007,2023-07-04,2023-07-26,FAC012
REF0248,HH0374,CHW004,2023-08-17,,
REF0249,HH0375,CHW009,2023-06-26,,
REF0250,HH0376,CHW002,2023-03-14,2023-03-30,FAC012
REF0251,HH0377,CHW008,2023-08-13,2023-09-08,FAC004
REF0252,HH0380,CHW008,2023-07-27,,
REF0253,HH0381,CHW001,2023-11-11,2023-12-04,FAC007
REF0254,HH0382,CHW004,2023-12-27,,
REF0255,HH0383,CHW009,2023-07-07,,
REF0256,HH0384,CHW008,2023-11-02,2023-11-30,FAC015
REF0257,HH0388,CHW009,2023-08-03,,
REF0258,HH0389,CHW009,2023-11-27,,
REF0259,HH0392,CHW009,2023-12-01,,
REF0260,HH0393,CHW008,2023-02-12,2023-03-02,FAC010
REF0261,HH0394,CHW003,2023-10-17,2023-10-21,FAC009
REF0262,HH0395,CHW009,2023-10-05,,
REF0263,HH0396,CHW004,2023-02-22,,
REF0264,HH0397,CHW008,2023-06-28,,
REF0265,HH0398,CHW004,2023-10-29,2023-11-05,FAC007
REF0266,HH0399,CHW001,2023-06-29,,
REF0267,HH0400,CHW005,2023-05-17,,
REF0268,HH0401,CHW007,2023-05-22,2023-05-27,FAC011
REF0269,HH0404,CHW007,2023-12-22,,
REF0270,HH0405,CHW010,2023-02-17,,
REF0271,HH0406,CHW002,2023-04-22,2023-05-02,FAC011
REF0272,HH0407,CHW009,2023-03-08,,
REF0273,HH0408,CHW001,2023-02-20,,
REF0274,HH0410,CHW004,2023-11-29,2023-12-02,FAC012
REF0275,HH0411,CHW003,2023-07-22,2023-07-26,FAC001
REF0276,HH0415,CHW004,2023-02-15,2023-02-25,FAC005
REF0277,HH0416,CHW007,2023-11-25,,
REF0278,HH0417,CHW010,2023-03-26,2023-04-09,FAC020
REF0279,HH0418,CHW008,2023-02-14,,
REF0280,HH0419,CHW007,2023-08-08,,
REF0281,HH0421,CHW004,2023-07-20,,
REF0282,HH0424,CHW006,2023-07-18,,
REF0283,HH0425,CHW008,2023-01-09,2023-01-11,FAC013
REF0284,HH0426,CHW009,2023-11-18,,
REF0285,HH0428,CHW005,2023-09-19,2023-10-10,FAC003
REF0286,HH0429,CHW005,2023-08-12,2023-08-26,FAC004
REF0287,HH0430,CHW008,2023-06-08,,
REF0288,HH0431,CHW001,2023-09-12,2023-10-07,FAC009
REF0289,HH0432,CHW002,2023-06-21,2023-07-10,FAC003
REF0290,HH0436,CHW004,2023-08-30,,
REF0291,HH0437,CHW001,2023-12-02,,
REF0292,HH0438,CHW006,2023-02-09,,
REF0293,HH0439,CHW003,2023-09-22,,
REF0294,HH0441,CHW001,2023-04-13,2023-04-25,FAC019
REF0295,HH0442,CHW008,2023-10-07,,
REF0296,HH0444,CHW001,2023-07-12,,
REF0297,HH0445,CHW004,2023-09-09,2023-10-09,FAC008
REF0298,HH0448,CHW002,2023-08-11,2023-08-22,FAC013
REF0299,HH0452,CHW004,2023-06-07,,
REF0300,HH0454,CHW006,2023-02-16,2023-02-26,FAC009
REF0301,HH0455,CHW003,2023-07-27,2023-08-22,FAC005
REF0302,HH0456,CHW002,2023-02-01,,
REF0303,HH0457,CHW006,2023-11-19,2023-12-16,FAC003
REF0304,HH0460,CHW001,2023-10-21,2023-11-04,FAC006
REF0305,HH0462,CHW001,2023-11-14,,
REF0306,HH0463,CHW008,2023-02-14,,
REF0307,HH0466,CHW009,2023-07-18,2023-08-16,FAC009
REF0308,HH0468,CHW002,2023-12-03,,
REF0309,HH0469,CHW010,2023-07-01,,
REF0310,HH0471,CHW010,2023-10-16,2023-10-18,FAC003
REF0311,HH0472,CHW001,2023-11-05,,
REF0312,HH0473,CHW004,2023-06-24,2023-07-17,FAC005
REF0313,HH0474,CHW002,2023-02-07,2023-02-18,FAC005
REF0314,HH0475,CHW003,2023-11-24,,
REF0315,HH0476,CHW010,2023-04-25,,
REF0316,HH0478,CHW010,2023-04-04,2023-04-20,FAC005
REF0317,HH0479,CHW006,2023-02-09,,
REF0318,HH0481,CHW004,2023-06-29,2023-07-14,FAC014
REF0319,HH0482,CHW003,2023-09-10,2023-09-26,FAC019
REF0320,HH0484,CHW005,2023-06-13,2023-06-26,FAC006
REF0321,HH0485,CHW002,2023-06-23,,
REF0322,HH0487,CHW004,2023-07-29,2023-08-02,FAC002
REF0323,HH0489,CHW007,2023-05-31,2023-06-06,FAC010
REF0324,HH0490,CHW002,2023-03-01,,
REF0325,HH0491,CHW005,2023-11-25,2023-12-01,FAC015
REF0326,HH0493,CHW010,2023-03-19,2023-04-06,FAC014
REF0327,HH0495,CHW009,2023-10-02,2023-10-12,FAC003
REF0328,HH0496,CHW007,2023-09-15,,
REF0329,HH0497,CHW003,2023-04-19,2023-05-11,FAC014
REF0330,HH0498,CHW004,2023-11-01,,
REF0331,HH0499,CHW009,2023-05-22,,
REF0332,HH0500,CHW009,2023-02-27,,
REF0333,HH0502,CHW006,2023-05-16,,
REF0334,HH0504,CHW001,2023-06-19,,
REF0335,HH0505,CHW006,2023-06-22,,
REF0336,HH0506,CHW002,2023-03-10,2023-04-03,FAC014
REF0337,HH0508,CHW007,2023-09-22,2023-10-02,FAC017
REF0338,HH0509,CHW007,2023-09-26,,
REF0339,HH0511,CHW006,2023-04-12,,
REF0340,HH0512,CHW002,2023-05-04,,
REF0341,HH0513,CHW010,2023-06-29,,
REF0342,HH0515,CHW004,2023-12-13,,
REF0343,HH0516,CHW001,2023-03-09,,
REF0344,HH0518,CHW006,2023-05-10,,
REF0345,HH0519,CHW007,2023-01-04,,
REF0346,HH0521,CHW006,2023-11-24,,
REF0347,HH0523,CHW010,2023-12-05,,
REF0348,HH0524,CHW005,2023-08-03,,
REF0349,HH0526,CHW006,2023-06-03,,
REF0350,HH0528,CHW006,2023-02-15,2023-03-13,FAC011
REF0351,HH0529,CHW006,2023-10-27,,
REF0352,HH0531,CHW009,2023-12-15,,
REF0353,HH0532,CHW003,2023-04-13,,
REF0354,HH0533,CHW003,2023-09-07,2023-09-22,FAC009
REF0355,HH0534,CHW004,2023-10-23,,
REF0356,HH0538,CHW004,2023-12-22,2024-01-10,FAC010
REF0357,HH0539,CHW003,2023-01-24,,
REF0358,HH0540,CHW009,2023-08-11,,
REF0359,HH0541,CHW006,2023-03-26,2023-03-31,FAC007
REF0360,HH0543,CHW001,2023-11-24,2023-11-28,FAC001
REF0361,HH0544,CHW001,2023-03-01,2023-03-24,FAC005
REF0362,HH0545,CHW004,2023-06-04,2023-06-24,FAC005
REF0363,HH0546,CHW007,2023-09-19,,
REF0364,HH0548,CHW009,2023-07-03,,
REF0365,HH0549,CHW004,2023-06-19,,
REF0366,HH0551,CHW009,2023-02-21,,
REF0367,HH0553,CHW001,2023-07-04,2023-08-01,FAC002
REF0368,HH0554,CHW001,2023-12-06,,
REF0369,HH0555,CHW010,2023-02-17,,
REF0370,HH0556,CHW008,2023-07-17,,
REF0371,HH0559,CHW008,2023-11-09,,
REF0372,HH0561,CHW008,2023-02-02,,
REF0373,HH0563,CHW006,2023-09-25,,
REF0374,HH0564,CHW008,2023-12-06,,
REF0375,HH0565,CHW010,2023-01-06,,
REF0376,HH0566,CHW008,2023-02-08,,
REF0377,HH0567,CHW001,2023-04-25,2023-05-10,FAC015
REF0378,HH0568,CHW010,2023-02-15,,
REF0379,HH0570,CHW010,2023-11-23,,
REF0380,HH0571,CHW006,2023-01-28,,
REF0381,HH0572,CHW010,2023-12-03,,
REF0382,HH0573,CHW004,2023-06-24,2023-06-28,FAC002
REF0383,HH0574,CHW003,2023-03-13,,
REF0384,HH0575,CHW004,2023-07-21,2023-08-04,FAC002
REF0385,HH0578,CHW008,2023-12-21,,
REF0386,HH0580,CHW004,2023-07-23,2023-08-06,FAC020
REF0387,HH0581,CHW009,2023-12-26,,
REF0388,HH0582,CHW004,2023-04-18,,
REF0389,HH0583,CHW003,2023-09-15,,
REF0390,HH0584,CHW009,2023-10-26,,
REF0391,HH0585,CHW009,2023-08-05,2023-08-27,FAC002
REF0392,HH0586,CHW004,2023-03-24,2023-04-19,FAC010
REF0393,HH0587,CHW004,2023-07-03,,
REF0394,HH0588,CHW009,2023-11-28,,
REF0395,HH0590,CHW007,2023-12-17,2024-01-06,FAC015
REF0396,HH0591,CHW004,2023-10-29,,
REF0397,HH0592,CHW005,2023-04-01,2023-04-18,FAC004
REF0398,HH0593,CHW007,2023-08-08,,
REF0399,HH0594,CHW005,2023-06-19,,
REF0400,HH0595,CHW010,2023-11-17,,
REF0401,HH0598,CHW002,2023-04-24,2023-05-19,FAC020
REF0402,HH0599,CHW009,2023-10-15,2023-10-23,FAC020
REF0403,HH0600,CHW010,2023-01-21,,
REF0404,HH0601,CHW002,2023-05-12,,
REF0405,HH0602,CHW006,2023-09-18,,
REF0406,HH0604,CHW009,2023-01-04,,
REF0407,HH0605,CHW007,2023-04-16,,
REF0408,HH0606,CHW003,2023-08-24,2023-09-19,FAC009
REF0409,HH0607,CHW009,2023-10-22,,
REF0410,HH0609,CHW009,2023-11-25,,
REF0411,HH0611,CHW010,2023-05-25,,
REF0412,HH0612,CHW001,2023-03-22,,
REF0413,HH0615,CHW001,2023-11-02,,
REF0414,HH0616,CHW006,2023-07-31,2023-08-27,FAC009
REF0415,HH0618,CHW009,2023-11-27,2023-12-04,FAC019
REF0416,HH0621,CHW006,2023-08-19,2023-09-07,FAC012
REF0417,HH0623,CHW004,2023-05-22,2023-06-07,FAC015
REF0418,HH0624,CHW008,2023-06-06,,
REF0419,HH0626,CHW002,2023-09-17,2023-09-19,FAC018
REF0420,HH0627,CHW005,2023-10-04,2023-10-29,FAC019
REF0421,HH0628,CHW005,2023-08-26,,
REF0422,HH0630,CHW003,2023-09-05,,
REF0423,HH0631,CHW002,2023-07-09,,
REF0424,HH0634,CHW005,2023-10-06,2023-10-27,FAC003
REF0425,HH0635,CHW009,2023-07-12,2023-08-09,FAC012
REF0426,HH0639,CHW004,2023-06-19,,
REF0427,HH0640,CHW010,2023-11-28,2023-12-17,FAC006
REF0428,HH0644,CHW003,2023-07-30,,
REF0429,HH0645,CHW003,2023-08-21,2023-08-25,FAC001
REF0430,HH0646,CHW004,2023-03-18,,
REF0431,HH0647,CHW001,2023-09-15,2023-10-05,FAC018
REF0432,HH0648,CHW001,2023-11-29,2023-12-16,FAC014
REF0433,HH0649,CHW004,2023-07-15,2023-08-09,FAC008
REF0434,HH0650,CHW002,2023-11-03,2023-11-27,FAC001
REF0435,HH0651,CHW010,2023-03-02,,
REF0436,HH0653,CHW010,2023-05-14,,
REF0437,HH0654,CHW007,2023-07-31,,
REF0438,HH0655,CHW008,2023-06-07,,
REF0439,HH0656,CHW002,2023-08-17,,
REF0440,HH0657,CHW006,2023-11-11,,
REF0441,HH0658,CHW001,2023-03-16,2023-03-28,FAC003
REF0442,HH0659,CHW010,2023-07-16,,
REF0443,HH0660,CHW010,2023-03-31,,
REF0444,HH0663,CHW001,2023-02-14,2023-03-05,FAC007
REF0445,HH0665,CHW009,2023-10-14,,
REF0446,HH0666,CHW004,2023-08-21,,
REF0447,HH0669,CHW010,2023-05-05,,
REF0448,HH0670,CHW001,2023-03-01,,
REF0449,HH0671,CHW004,2023-07-31,2023-08-10,FAC003
REF0450,HH0672,CHW007,2023-02-08,2023-03-09,FAC019
REF0451,HH0673,CHW005,2023-12-16,2024-01-09,FAC008
REF0452,HH0676,CHW008,2023-10-05,2023-11-03,FAC019
REF0453,HH0677,CHW005,2023-04-04,,
REF0454,HH0679,CHW001,2023-06-27,2023-07-14,FAC015
REF0455,HH0681,CHW007,2023-06-16,2023-06-25,FAC016
REF0456,HH0685,CHW005,2023-10-12,,
REF0457,HH0687,CHW003,2023-09-07,,
REF0458,HH0688,CHW001,2023-05-11,2023-05-23,FAC012
REF0459,HH0689,CHW009,2023-05-12,,
REF0460,HH0691,CHW005,2023-06-16,,
REF0461,HH0694,CHW002,2023-03-24,2023-04-02,FAC020
REF0462,HH0695,CHW007,2023-08-16,,
REF0463,HH0697,CHW003,2023-12-05,2023-12-09,FAC003
REF0464,HH0698,CHW008,2023-01-14,,
REF0465,HH0699,CHW002,2023-06-08,2023-06-25,FAC006
REF0466,HH0701,CHW008,2023-10-08,,
REF0467,HH0703,CHW008,2023-02-15,2023-02-16,FAC001
REF0468,HH0704,CHW009,2023-06-26,,
REF0469,HH0705,CHW008,2023-01-05,,
REF0470,HH0706,CHW009,2023-04-07,2023-05-01,FAC013
REF0471,HH0708,CHW009,2023-12-22,,
REF0472,HH0709,CHW005,2023-04-07,2023-04-22,FAC020
REF0473,HH0710,CHW008,2023-12-25,2024-01-12,FAC001
REF0474,HH0711,CHW003,2023-05-25,2023-05-30,FAC001
REF0475,HH0715,CHW003,2023-05-09,,
REF0476,HH0716,CHW004,2023-08-15,,
REF0477,HH0718,CHW003,2023-10-09,2023-10-21,FAC002
REF0478,HH0719,CHW004,2023-05-01,,
REF0479,HH0721,CHW010,2023-09-01,2023-09-07,FAC016
REF0480,HH0725,CHW006,2023-03-10,,
REF0481,HH0726,CHW005,2023-12-23,2024-01-07,FAC009
REF0482,HH0728,CHW008,2023-05-15,,
REF0483,HH0729,CHW007,2023-01-10,2023-02-03,FAC003
REF0484,HH0730,CHW009,2023-04-08,2023-04-18,FAC011
REF0485,HH0732,CHW001,2023-04-02,2023-04-04,FAC019
REF0486,HH0733,CHW007,2023-09-27,2023-10-20,FAC003
REF0487,HH0734,CHW001,2023-12-02,,
REF0488,HH0736,CHW005,2023-01-21,2023-02-07,FAC004
REF0489,HH0737,CHW002,2023-09-30,2023-10-21,FAC006
REF0490,HH0738,CHW009,2023-10-13,,
REF0491,HH0740,CHW009,2023-09-16,,
REF0492,HH0742,CHW007,2023-06-15,,
REF0493,HH0743,CHW005,2023-08-20,2023-08-30,FAC020
REF0494,HH0744,CHW001,2023-03-11,,
REF0495,HH0746,CHW009,2023-10-20,,
REF0496,HH0747,CHW003,2023-05-16,,
REF0497,HH0748,CHW002,2023-10-19,,
REF0498,HH0749,CHW003,2023-12-20,2024-01-13,FAC019
REF0499,HH0750,CHW007,2023-01-29,,
REF0500,HH0751,CHW007,2023-04-27,,
REF0501,HH0753,CHW006,2023-12-24,,
REF0502,HH0754,CHW008,2023-04-24,2023-05-10,FAC019
REF0503,HH0755,CHW001,2023-07-24,,
REF0504,HH0756,CHW003,2023-09-04,,
REF0505,HH0757,CHW009,2023-09-26,,
REF0506,HH0758,CHW010,2023-02-27,2023-03-11,FAC020
REF0507,HH0759,CHW001,2023-03-28,,
REF0508,HH0760,CHW004,2023-12-17,2024-01-06,FAC005
REF0509,HH0761,CHW005,2023-06-25,,
REF0510,HH0762,CHW006,2023-10-03,,
REF0511,HH0763,CHW003,2023-07-12,2023-07-19,FAC020
REF0512,HH0764,CHW005,2023-08-27,,
REF0513,HH0765,CHW006,2023-01-10,2023-02-02,FAC004
REF0514,HH0766,CHW006,2023-11-02,,
REF0515,HH0768,CHW006,2023-07-21,2023-08-11,FAC010
REF0516,HH0771,CHW003,2023-07-15,,
REF0517,HH0772,CHW007,2023-11-06,2023-11-24,FAC007
REF0518,HH0773,CHW003,2023-12-19,,
REF0519,HH0776,CHW007,2023-06-05,2023-06-10,FAC006
REF0520,HH0777,CHW001,2023-11-12,2023-11-13,FAC012
REF0521,HH0778,CHW002,2023-03-10,2023-04-07,FAC013
REF0522,HH0780,CHW001,2023-01-08,,
REF0523,HH0783,CHW007,2023-01-22,2023-02-15,FAC019
REF0524,HH0784,CHW010,2023-09-26,,
REF0525,HH0785,CHW001,2023-09-23,,
REF0526,HH0786,CHW001,2023-05-30,2023-06-05,FAC014
REF0527,HH0787,CHW005,2023-01-28,,
REF0528,HH0788,CHW002,2023-04-03,2023-04-04,FAC006
REF0529,HH0791,CHW006,2023-09-26,2023-10-21,FAC006
REF0530,HH0793,CHW003,2023-08-03,2023-09-01,FAC005
REF0531,HH0794,CHW004,2023-11-15,,
REF0532,HH0795,CHW009,2023-11-08,,
REF0533,HH0797,CHW004,2023-11-14,2023-12-05,FAC012
REF0534,HH0798,CHW001,2023-01-17,2023-01-21,FAC014
REF0535,HH0803,CHW006,2023-07-31,2023-08-24,FAC017
REF0536,HH0804,CHW002,2023-12-19,,
REF0537,HH0806,CHW010,2023-09-12,2023-10-02,FAC008
REF0538,HH0808,CHW002,2023-11-12,2023-12-08,FAC007
REF0539,HH0809,CHW001,2023-04-14,2023-05-01,FAC018
REF0540,HH0810,CHW006,2023-02-28,,
REF0541,HH0812,CHW008,2023-01-19,,
REF0542,HH0814,CHW001,2023-06-03,2023-06-22,FAC011
REF0543,HH0815,CHW006,2023-03-18,2023-04-05,FAC006
REF0544,HH0817,CHW005,2023-06-11,,
REF0545,HH0818,CHW004,2023-08-20,2023-08-24,FAC012
REF0546,HH0819,CHW001,2023-02-17,,
REF0547,HH0820,CHW003,2023-06-24,2023-07-22,FAC004
REF0548,HH0821,CHW009,2023-03-09,,
REF0549,HH0822,CHW009,2023-01-03,,
REF0550,HH0823,CHW002,2023-08-28,,
REF0551,HH0824,CHW005,2023-10-23,2023-11-01,FAC018
REF0552,HH0829,CHW010,2023-10-04,,
REF0553,HH0831,CHW007,2023-12-27,2024-01-23,FAC007
REF0554,HH0833,CHW008,2023-08-22,,
REF0555,HH0834,CHW003,2023-07-06,,
REF0556,HH0836,CHW006,2023-08-25,,
REF0557,HH0837,CHW003,2023-07-27,,
REF0558,HH0838,CHW005,2023-08-25,2023-08-31,FAC016
REF0559,HH0839,CHW007,2023-06-24,,
REF0560,HH0840,CHW006,2023-12-22,,
REF0561,HH0841,CHW008,2023-10-31,,
REF0562,HH0843,CHW010,2023-06-17,,
REF0563,HH0844,CHW010,2023-01-01,2023-01-21,FAC019
REF0564,HH0845,CHW008,2023-04-16,,
REF0565,HH0846,CHW005,2023-06-26,,
REF0566,HH0847,CHW003,2023-02-01,,
REF0567,HH0848,CHW006,2023-05-25,,
REF0568,HH0849,CHW006,2023-07-15,,
REF0569,HH0852,CHW002,2023-03-15,,
REF0570,HH0855,CHW009,2023-07-16,2023-08-01,FAC008
REF0571,HH0856,CHW009,2023-07-30,2023-08-15,FAC012
REF0572,HH0858,CHW008,2023-09-25,,
REF0573,HH0860,CHW009,2023-08-29,2023-09-10,FAC010
REF0574,HH0861,CHW005,2023-01-19,,
REF0575,HH0862,CHW001,2023-08-31,2023-09-24,FAC020
REF0576,HH0865,CHW001,2023-02-27,2023-03-05,FAC009
REF0577,HH0866,CHW004,2023-04-03,2023-04-08,FAC020
REF0578,HH0867,CHW003,2023-07-31,,
REF0579,HH0868,CHW003,2023-10-23,2023-11-19,FAC004
REF0580,HH0869,CHW001,2023-08-26,,
REF0581,HH0870,CHW009,2023-07-14,2023-08-11,FAC014
REF0582,HH0872,CHW001,2023-09-30,,
REF0583,HH0873,CHW005,2023-05-19,,
REF0584,HH0874,CHW008,2023-12-11,,
REF0585,HH0877,CHW008,2023-04-23,2023-04-26,FAC002
REF0586,HH0878,CHW010,2023-04-22,2023-05-20,FAC020
REF0587,HH0880,CHW003,2023-05-31,,
REF0588,HH0881,CHW005,2023-12-21,,
REF0589,HH0882,CHW005,2023-07-15,,
REF0590,HH0883,CHW003,2023-02-05,2023-02-21,FAC004
REF0591,HH0888,CHW010,2023-09-21,,
REF0592,HH0889,CHW002,2023-01-02,,
REF0593,HH0890,CHW006,2023-12-16,,
REF0594,HH0891,CHW002,2023-10-01,,
REF0595,HH0893,CHW007,2023-06-03,2023-06-06,FAC015
REF0596,HH0895,CHW008,2023-02-02,,
REF0597,HH0896,CHW008,2023-01-19,2023-01-23,FAC007
REF0598,HH0897,CHW009,2023-12-14,2023-12-17,FAC002
REF0599,HH0901,CHW002,2023-09-12,2023-09-23,FAC013
REF0600,HH0902,CHW006,2023-12-17,,
REF0601,HH0904,CHW002,2023-03-14,,
REF0602,HH0908,CHW010,2023-08-02,2023-08-23,FAC009
REF0603,HH0909,CHW009,2023-07-30,2023-08-05,FAC016
REF0604,HH0910,CHW010,2023-11-18,2023-11-26,FAC007
REF0605,HH0911,CHW002,2023-11-13,,
REF0606,HH0914,CHW001,2023-07-06,,
REF0607,HH0915,CHW008,2023-02-23,2023-03-12,FAC004
REF0608,HH0916,CHW002,2023-08-16,,
REF0609,HH0917,CHW006,2023-02-26,,
REF0610,HH0919,CHW001,2023-03-16,2023-03-31,FAC007
REF0611,HH0920,CHW006,2023-04-14,2023-04-19,FAC004
REF0612,HH0924,CHW004,2023-08-25,2023-09-05,FAC014
REF0613,HH0925,CHW010,2023-10-30,2023-11-15,FAC017
REF0614,HH0926,CHW001,2023-09-29,2023-10-17,FAC001
REF0615,HH0927,CHW007,2023-03-09,2023-03-25,FAC010
REF0616,HH0929,CHW008,2023-12-27,,
REF0617,HH0930,CHW001,2023-02-06,2023-03-03,FAC009
REF0618,HH0931,CHW010,2023-10-22,2023-11-21,FAC002
REF0619,HH0932,CHW009,2023-07-06,,
REF0620,HH0935,CHW004,2023-11-29,,
REF0621,HH0936,CHW006,2023-05-17,2023-05-29,FAC015
REF0622,HH0937,CHW008,2023-08-29,2023-09-20,FAC003
REF0623,HH0940,CHW003,2023-03-19,,
REF0624,HH0941,CHW009,2023-08-31,2023-09-07,FAC003
REF0625,HH0942,CHW001,2023-09-24,,
REF0626,HH0943,CHW006,2023-10-31,,
REF0627,HH0945,CHW001,2023-06-30,2023-07-18,FAC010
REF0628,HH0946,CHW003,2023-12-29,2024-01-09,FAC019
REF0629,HH0947,CHW003,2023-05-14,2023-05-25,FAC012
REF0630,HH0948,CHW003,2023-08-18,2023-08-19,FAC013
REF0631,HH0949,CHW008,2023-08-23,,
REF0632,HH0951,CHW010,2023-03-17,2023-04-02,FAC002
REF0633,HH0953,CHW008,2023-02-17,2023-03-19,FAC009
REF0634,HH0954,CHW004,2023-02-12,,
REF0635,HH0956,CHW006,2023-03-17,2023-03-27,FAC012
REF0636,HH0957,CHW006,2023-08-17,,
REF0637,HH0959,CHW007,2023-10-28,,
REF0638,HH0960,CHW009,2023-02-03,,
REF0639,HH0961,CHW005,2023-03-31,,
REF0640,HH0963,CHW010,2023-09-10,,
REF0641,HH0964,CHW003,2023-06-03,,
REF0642,HH0965,CHW005,2023-04-02,,
REF0643,HH0966,CHW008,2023-11-03,,
REF0644,HH0968,CHW003,2023-03-16,2023-03-28,FAC014
REF0645,HH0969,CHW006,2023-05-29,,
REF0646,HH0971,CHW005,2023-12-17,,
REF0647,HH0972,CHW003,2023-03-12,,
REF0648,HH0974,CHW004,2023-08-02,2023-08-03,FAC016
REF0649,HH0977,CHW001,2023-03-02,2023-03-09,FAC005
REF0650,HH0978,CHW002,2023-12-20,,
REF0651,HH0981,CHW001,2023-03-05,2023-03-27,FAC012
REF0652,HH0983,CHW006,2023-03-24,2023-04-20,FAC019
REF0653,HH0984,CHW001,2023-04-22,,
REF0654,HH0985,CHW001,2023-02-20,,
REF0655,HH0986,CHW008,2023-04-03,,
REF0656,HH0988,CHW009,2023-09-11,2023-09-22,FAC016
REF0657,HH0989,CHW002,2023-05-26,,
REF0658,HH0990,CHW004,2023-05-29,2023-06-25,FAC016
REF0659,HH0991,CHW006,2023-01-07,2023-01-24,FAC003
REF0660,HH0992,CHW002,2023-07-22,,
REF0661,HH0993,CHW003,2023-07-06,,
REF0662,HH0994,CHW007,2023-04-30,,
REF0663,HH0995,CHW010,2023-05-20,,
REF0664,HH0996,CHW007,2023-09-19,2023-10-05,FAC008
REF0665,HH0997,CHW003,2023-02-20,2023-02-26,FAC013
REF0666,HH0999,CHW002,2023-08-27,2023-09-07,FAC018
REF0667,HH1000,CHW009,2023-01-17,2023-01-30,FAC015
REF0668,HH1003,CHW008,2023-10-19,,
REF0669,HH1004,CHW009,2023-07-20,2023-07-30,FAC011
REF0670,HH1007,CHW007,2023-08-08,2023-08-16,FAC008
REF0671,HH1010,CHW001,2023-12-03,,
REF0672,HH1011,CHW010,2023-06-12,2023-06-28,FAC004
REF0673,HH1012,CHW004,2023-09-12,2023-09-26,FAC007
REF0674,HH1013,CHW008,2023-10-02,,
REF0675,HH1014,CHW007,2023-11-16,,
REF0676,HH1016,CHW007,2023-06-27,2023-07-19,FAC018
REF0677,HH1017,CHW006,2023-08-01,,
REF0678,HH1018,CHW001,2023-12-27,2024-01-23,FAC015
REF0679,HH1020,CHW001,2023-04-13,,
REF0680,HH1021,CHW005,2023-07-30,,
REF0681,HH1024,CHW004,2023-08-26,,
REF0682,HH1027,CHW008,2023-01-29,2023-02-01,FAC014
REF0683,HH1029,CHW003,2023-02-27,,
REF0684,HH1030,CHW009,2023-09-12,,
REF0685,HH1033,CHW008,2023-05-11,2023-05-15,FAC011
REF0686,HH1035,CHW003,2023-09-01,,
REF0687,HH1036,CHW010,2023-12-06,,
REF0688,HH1039,CHW005,2023-02-16,,
REF0689,HH1040,CHW003,2023-11-20,2023-11-23,FAC016
REF0690,HH1042,CHW005,2023-02-03,2023-02-05,FAC006
REF0691,HH1043,CHW008,2023-01-02,2023-01-08,FAC008
REF0692,HH1044,CHW009,2023-11-29,2023-12-15,FAC005
REF0693,HH1045,CHW005,2023-12-18,2024-01-01,FAC012
REF0694,HH1046,CHW003,2023-07-13,2023-07-31,FAC020
REF0695,HH1048,CHW001,2023-11-13,,
REF0696,HH1049,CHW003,2023-01-08,,
REF0697,HH1052,CHW010,2023-05-25,,
REF0698,HH1053,CHW003,2023-05-29,,
REF0699,HH1054,CHW006,2023-12-17,2023-12-28,FAC013
REF0700,HH1055,CHW004,2023-12-29,,
REF0701,HH1058,CHW005,2023-12-10,2023-12-27,FAC016
REF0702,HH1060,CHW003,2023-03-01,,
REF0703,HH1063,CHW006,2023-09-09,,
REF0704,HH1065,CHW003,2023-08-29,,
REF0705,HH1066,CHW008,2023-08-15,2023-09-08,FAC005
REF0706,HH1067,CHW002,2023-02-17,2023-03-06,FAC009
REF0707,HH1068,CHW010,2023-10-27,,
REF0708,HH1070,CHW001,2023-12-15,,
REF0709,HH1072,CHW008,2023-11-18,2023-12-08,FAC015
REF0710,HH1074,CHW005,2023-01-29,2023-02-06,FAC013
REF0711,HH1077,CHW008,2023-06-08,2023-06-20,FAC017
REF0712,HH1078,CHW004,2023-08-17,,
REF0713,HH1079,CHW002,2023-07-08,2023-07-25,FAC011
REF0714,HH1081,CHW009,2023-11-28,2023-12-24,FAC016
REF0715,HH1084,CHW009,2023-09-19,,
REF0716,HH1085,CHW005,2023-05-11,,
REF0717,HH1087,CHW005,2023-10-28,2023-11-27,FAC006
REF0718,HH1090,CHW002,2023-03-29,,
REF0719,HH1091,CHW010,2023-09-07,,
REF0720,HH1095,CHW007,2023-02-14,,
REF0721,HH1097,CHW008,2023-08-19,,
REF0722,HH1099,CHW007,2023-10-24,2023-11-10,FAC019
REF0723,HH1100,CHW010,2023-09-07,,
REF0724,HH1102,CHW002,2023-11-15,,
REF0725,HH1103,CHW003,2023-04-09,2023-05-09,FAC011
REF0726,HH1104,CHW010,2023-12-03,2023-12-17,FAC012
REF0727,HH1105,CHW008,2023-11-15,2023-11-22,FAC006
REF0728,HH1106,CHW010,2023-02-21,2023-02-23,FAC001
REF0729,HH1108,CHW009,2023-02-02,2023-02-10,FAC016
REF0730,HH1113,CHW004,2023-03-22,,
REF0731,HH1114,CHW002,2023-11-28,2023-12-12,FAC001
REF0732,HH1115,CHW004,2023-06-24,2023-07-19,FAC014
REF0733,HH1116,CHW006,2023-12-07,2023-12-21,FAC014
REF0734,HH1118,CHW008,2023-01-06,2023-01-31,FAC006
REF0735,HH1120,CHW001,2023-12-05,,
REF0736,HH1122,CHW009,2023-03-17,,
REF0737,HH1125,CHW007,2023-09-24,,
REF0738,HH1126,CHW005,2023-06-24,,
REF0739,HH1127,CHW009,2023-05-13,,
REF0740,HH1128,CHW002,2023-07-10,,
REF0741,HH1129,CHW002,2023-06-02,,
REF0742,HH1130,CHW010,2023-11-18,2023-12-14,FAC019
REF0743,HH1131,CHW003,2023-09-24,,
REF0744,HH1135,CHW010,2023-09-23,,
REF0745,HH1136,CHW008,2023-08-02,,
REF0746,HH1137,CHW008,2023-12-27,,
REF0747,HH1141,CHW006,2023-05-31,,
REF0748,HH1142,CHW001,2023-05-26,,
REF0749,HH1143,CHW002,2023-08-02,,
REF0750,HH1145,CHW009,2023-08-24,,
REF0751,HH1146,CHW002,2023-07-18,2023-08-09,FAC015
REF0752,HH1147,CHW005,2023-02-15,,
REF0753,HH1149,CHW004,2023-10-19,2023-11-10,FAC018
REF0754,HH1151,CHW010,2023-02-13,2023-03-13,FAC001
REF0755,HH1152,CHW006,2023-04-03,2023-04-07,FAC018
REF0756,HH1154,CHW003,2023-07-28,2023-07-29,FAC002
REF0757,HH1158,CHW005,2023-06-12,2023-07-03,FAC008
REF0758,HH1159,CHW001,2023-10-11,,
REF0759,HH1161,CHW009,2023-03-14,,
REF0760,HH1163,CHW010,2023-12-01,,
REF0761,HH1166,CHW005,2023-07-22,,
REF0762,HH1168,CHW006,2023-05-14,,
REF0763,HH1169,CHW006,2023-04-18,,
REF0764,HH1171,CHW003,2023-10-12,,
REF0765,HH1172,CHW002,2023-12-10,,
REF0766,HH1174,CHW002,2023-07-09,,
REF0767,HH1177,CHW001,2023-09-10,,
REF0768,HH1178,CHW007,2023-05-23,2023-06-16,FAC019
REF0769,HH1183,CHW006,2023-07-28,,
REF0770,HH1188,CHW005,2023-11-17,,
REF0771,HH1189,CHW010,2023-06-21,2023-07-02,FAC002
REF0772,HH1190,CHW006,2023-05-02,,
REF0773,HH1191,CHW010,2023-02-13,,
REF0774,HH1192,CHW002,2023-02-01,,
REF0775,HH1193,CHW007,2023-02-22,2023-02-26,FAC020
REF0776,HH1194,CHW007,2023-11-03,,
REF0777,HH1195,CHW007,2023-06-23,2023-06-30,FAC004
REF0778,HH1197,CHW003,2023-07-01,2023-07-03,FAC002
REF0779,HH1198,CHW003,2023-10-27,,
REF0780,HH1199,CHW003,2023-08-29,,
REF0781,HH1200,CHW009,2023-12-03,,
REF0782,HH1201,CHW009,2023-08-05,2023-08-08,FAC011
REF0783,HH1202,CHW004,2023-12-22,2024-01-10,FAC019
REF0784,HH1203,CHW006,2023-06-03,,
REF0785,HH1204,CHW001,2023-04-23,,
REF0786,HH1207,CHW006,2023-02-07,,
REF0787,HH1208,CHW010,2023-01-23,2023-02-21,FAC009
REF0788,HH1209,CHW003,2023-10-11,2023-10-06,
REF0789,HH1213,CHW003,2023-04-09,,
REF0790,HH1214,CHW004,2023-11-12,2023-11-14,FAC009
REF0791,HH1215,CHW003,2023-04-18,,
REF0792,HH1216,CHW003,2023-11-27,,
REF0793,HH1217,CHW006,2023-07-11,,
REF0794,HH1218,CHW005,2023-07-25,,
REF0795,HH1220,CHW010,2023-07-11,2023-07-26,FAC017
REF0796,HH1225,CHW005,2023-09-20,,
REF0797,HH1226,CHW002,2023-02-06,,
REF0798,HH1227,CHW005,2023-12-16,,
REF0799,HH1229,CHW007,2023-10-24,,
REF0800,HH1230,CHW003,2023-04-27,,
REF0801,HH1231,CHW009,2023-08-25,2023-09-19,FAC014
REF0802,HH1232,CHW004,2023-08-19,,
REF0803,HH1233,CHW003,2023-01-05,,
REF0804,HH1236,CHW004,2023-02-02,2023-02-17,FAC010
REF0805,HH1237,CHW002,2023-02-23,,
REF0806,HH1239,CHW005,2023-04-30,2023-05-01,FAC006
REF0807,HH1242,CHW004,2023-04-16,,
REF0808,HH1243,CHW005,2023-04-14,2023-04-19,FAC015
REF0809,HH1245,CHW008,2023-08-25,,
REF0810,HH1246,CHW008,2023-12-25,,
REF0811,HH1249,CHW007,2023-05-03,,
REF0812,HH1252,CHW009,2023-07-29,2023-07-30,FAC003
REF0813,HH1253,CHW008,2023-06-25,2023-06-29,FAC005
REF0814,HH1254,CHW006,2023-08-26,,
REF0815,HH1255,CHW008,2023-08-30,2023-09-03,FAC006
REF0816,HH1256,CHW005,2023-10-01,,
REF0817,HH1257,CHW005,2023-08-14,,
REF0818,HH1258,CHW009,2023-08-15,2023-08-17,FAC020
REF0819,HH1259,CHW001,2023-07-13,2023-07-16,FAC001
REF0820,HH1260,CHW007,2023-01-08,2023-02-06,FAC004
REF0821,HH1265,CHW006,2023-07-19,,
REF0822,HH1267,CHW007,2023-11-03,,
REF0823,HH1271,CHW007,2023-09-15,,
REF0824,HH1272,CHW002,2023-05-02,2023-05-14,FAC016
REF0825,HH1273,CHW005,2023-03-19,,
REF0826,HH1274,CHW008,2023-03-10,,
REF0827,HH1275,CHW005,2023-04-28,2023-04-30,FAC008
REF0828,HH1276,CHW004,2023-09-24,2023-10-10,FAC003
REF0829,HH1277,CHW004,2023-11-21,2023-12-09,FAC007
REF0830,HH1278,CHW004,2023-08-07,2023-08-21,FAC006
REF0831,HH1281,CHW007,2023-03-27,,
REF0832,HH1284,CHW005,2023-08-26,,
REF0833,HH1285,CHW002,2023-03-11,2023-03-12,FAC017
REF0834,HH1287,CHW006,2023-09-08,2023-10-08,FAC004
REF0835,HH1288,CHW007,2023-04-10,,
REF0836,HH1289,CHW006,2023-12-30,,
REF0837,HH1290,CHW007,2023-05-05,,
REF0838,HH1291,CHW003,2023-11-06,,
REF0839,HH1292,CHW003,2023-03-01,,
REF0840,HH1294,CHW005,2023-06-04,,
REF0841,HH1296,CHW005,2023-04-18,2023-04-24,FAC016
REF0842,HH1297,CHW001,2023-02-05,,
REF0843,HH1298,CHW007,2023-04-01,2023-04-05,FAC015
REF0844,HH1303,CHW008,2023-12-11,,
REF0845,HH1304,CHW001,2023-10-26,,
REF0846,HH1306,CHW008,2023-11-06,2023-11-17,FAC008
REF0847,HH1308,CHW006,2023-01-02,,
REF0848,HH1310,CHW004,2023-08-20,,
REF0849,HH1312,CHW001,2023-06-16,,
REF0850,HH1316,CHW002,2023-12-11,,
REF0851,HH1317,CHW002,2023-12-06,,
REF0852,HH1318,CHW002,2023-08-11,,
REF0853,HH1320,CHW002,2023-10-01,,
REF0854,HH1321,CHW004,2023-11-26,,
REF0855,HH1322,CHW007,2023-04-25,2023-05-19,FAC019
REF0856,HH1325,CHW007,2023-07-06,,
REF0857,HH1327,CHW006,2023-06-01,2023-06-11,FAC005
REF0858,HH1328,CHW001,2023-06-13,,
REF0859,HH1329,CHW010,2023-11-20,,
REF0860,HH1331,CHW004,2023-04-02,,
REF0861,HH1332,CHW003,2023-10-08,,
REF0862,HH1333,CHW007,2023-02-06,,
REF0863,HH1336,CHW008,2023-05-30,,
REF0864,HH1338,CHW007,2023-12-14,,
REF0865,HH1339,CHW003,2023-03-02,,
REF0866,HH1341,CHW008,2023-12-19,2024-01-11,FAC003
REF0867,HH1342,CHW008,2023-05-21,2023-05-24,FAC004
REF0868,HH1343,CHW008,2023-01-12,,
REF0869,HH1344,CHW010,2023-07-16,2023-07-27,FAC003
REF0870,HH1345,CHW009,2023-07-27,,
REF0871,HH1346,CHW009,2023-02-02,2023-02-24,FAC004
REF0872,HH1347,CHW003,2023-01-03,2023-01-10,FAC006
REF0873,HH1349,CHW009,2023-07-06,,
REF0874,HH1351,CHW009,2023-03-13,,
REF0875,HH1352,CHW006,2023-10-03,2023-10-05,FAC007
REF0876,HH1353,CHW003,2023-04-21,2023-05-15,FAC020
REF0877,HH1354,CHW007,2023-10-09,2023-10-24,FAC003
REF0878,HH1355,CHW005,2023-08-06,2023-08-30,FAC009
REF0879,HH1356,CHW004,2023-10-16,2023-11-11,FAC014
REF0880,HH1357,CHW007,2023-11-06,2023-11-24,FAC014
REF0881,HH1359,CHW005,2023-04-26,,
REF0882,HH1361,CHW010,2023-02-18,,
REF0883,HH1362,CHW001,2023-06-12,,
REF0884,HH1363,CHW009,2023-11-01,2023-11-02,FAC017
REF0885,HH1364,CHW003,2023-03-15,,
REF0886,HH1365,CHW006,2023-05-08,2023-05-20,FAC015
REF0887,HH1366,CHW009,2023-05-22,,
REF0888,HH1367,CHW005,2023-06-10,2023-06-13,FAC006
REF0889,HH1369,CHW001,2023-12-13,,
REF0890,HH1371,CHW001,2023-08-06,,
REF0891,HH1374,CHW009,2023-01-27,,
REF0892,HH1375,CHW006,2023-05-08,,
REF0893,HH1376,CHW005,2023-01-02,2023-02-01,FAC017
REF0894,HH1377,CHW001,2023-11-13,,
REF0895,HH1380,CHW008,2023-02-13,,
REF0896,HH1381,CHW001,2023-12-03,2023-12-17,FAC006
REF0897,HH1382,CHW009,2023-02-25,2023-03-11,FAC001
REF0898,HH1385,CHW003,2023-09-03,,
REF0899,HH1386,CHW008,2023-06-16,,
REF0900,HH1387,CHW007,2023-02-26,2023-02-27,FAC008
REF0901,HH1388,CHW001,2023-06-25,2023-07-11,FAC003
REF0902,HH1390,CHW004,2023-02-28,,
REF0903,HH1391,CHW008,2023-12-25,,
REF0904,HH1393,CHW005,2023-03-16,2023-03-30,FAC017
REF0905,HH1394,CHW005,2023-11-21,,
REF0906,HH1396,CHW005,2023-05-24,,
REF0907,HH1398,CHW004,2023-08-30,2023-09-15,FAC012
REF0908,HH1400,CHW009,2023-06-19,,
REF0909,HH1401,CHW010,2023-05-02,2023-05-06,FAC005
REF0910,HH1402,CHW010,2023-01-22,,
REF0911,HH1403,CHW002,2023-10-07,,
REF0912,HH1408,CHW003,2023-01-24,,
REF0913,HH1409,CHW007,2023-12-17,,
REF0914,HH1410,CHW007,2023-07-25,2023-08-01,FAC019
REF0915,HH1411,CHW001,2023-08-22,2023-09-14,FAC009
REF0916,HH1412,CHW009,2023-03-29,,
REF0917,HH1413,CHW005,2023-05-19,2023-06-15,FAC007
REF0918,HH1414,CHW009,2023-01-01,,
REF0919,HH1415,CHW009,2023-03-10,2023-04-06,FAC001
REF0920,HH1419,CHW004,2023-05-18,2023-06-11,FAC014
REF0921,HH1424,CHW004,2023-11-27,2023-12-22,FAC001
REF0922,HH1426,CHW001,2023-05-08,,
REF0923,HH1430,CHW009,2023-05-17,2023-06-04,FAC010
REF0924,HH1432,CHW001,2023-08-07,2023-09-05,FAC013
REF0925,HH1433,CHW002,2023-03-28,,
REF0926,HH1439,CHW002,2023-03-18,2023-04-11,FAC016
REF0927,HH1440,CHW002,2023-10-23,2023-10-28,FAC006
REF0928,HH1441,CHW007,2023-06-13,,
REF0929,HH1442,CHW006,2023-12-01,,
REF0930,HH1443,CHW009,2023-09-30,,
REF0931,HH1446,CHW002,2023-06-28,2023-07-26,FAC018
REF0932,HH1447,CHW007,2023-04-18,2023-05-11,FAC005
REF0933,HH1448,CHW007,2023-12-23,2024-01-11,FAC003
REF0934,HH1451,CHW003,2023-08-29,,
REF0935,HH1453,CHW001,2023-03-30,,
REF0936,HH1454,CHW008,2023-10-20,2023-10-23,FAC017
REF0937,HH1455,CHW007,2023-04-19,2023-05-13,FAC018
REF0938,HH1456,CHW010,2023-12-21,,
REF0939,HH1457,CHW007,2023-01-28,2023-01-31,FAC012
REF0940,HH1458,CHW010,2023-01-15,2023-02-04,FAC001
REF0941,HH1459,CHW005,2023-10-10,2023-10-29,FAC019
REF0942,HH1463,CHW002,2023-07-28,,
REF0943,HH1464,CHW001,2023-07-15,2023-07-30,FAC003
REF0944,HH1465,CHW002,2023-04-21,2023-05-08,FAC017
REF0945,HH1466,CHW010,2023-09-25,2023-10-05,FAC012
REF0946,HH1467,CHW010,2023-01-21,,
REF0947,HH1468,CHW010,2023-03-20,2023-04-14,FAC010
REF0948,HH1472,CHW005,2023-05-12,2023-05-16,FAC019
REF0949,HH1473,CHW008,2023-07-06,,
REF0950,HH1474,CHW003,2023-07-07,,
REF0951,HH1475,CHW009,2023-05-15,,
REF0952,HH1476,CHW004,2023-03-21,,
REF0953,HH1477,CHW002,2023-07-18,,
REF0954,HH1479,CHW007,2023-04-13,,
REF0955,HH1480,CHW008,2023-12-26,2023-12-31,FAC016
REF0956,HH1481,CHW003,2023-06-13,,
REF0957,HH1483,CHW007,2023-05-10,2023-05-13,FAC010
REF0958,HH1484,CHW008,2023-09-26,2023-10-25,FAC014
REF0959,HH1487,CHW007,2023-12-21,,
REF0960,HH1488,CHW004,2023-12-08,,
REF0961,HH1489,CHW006,2023-03-19,2023-04-14,FAC014
REF0962,HH1490,CHW005,2023-01-02,,
REF0963,HH1491,CHW010,2023-01-19,,
REF0964,HH1493,CHW010,2023-07-09,2023-08-05,FAC004
REF0965,HH1495,CHW007,2023-02-28,2023-03-20,FAC006
REF0966,HH1496,CHW009,2023-07-15,,
REF0967,HH1498,CHW010,2023-02-23,,
REF0968,HH1499,CHW001,2023-05-29,,
REF0969,HH1500,CHW007,2023-04-11,,
REF0970,HH1501,CHW008,2023-11-27,2023-12-05,FAC017
REF0971,HH1502,CHW005,2023-12-04,2024-01-03,FAC014
REF0972,HH1505,CHW007,2023-10-12,2023-10-14,FAC019
REF0973,HH1506,CHW007,2023-11-22,2023-11-28,FAC014
REF0974,HH1507,CHW004,2023-12-30,,
REF0975,HH1508,CHW005,2023-03-23,2023-03-24,FAC019
REF0976,HH1509,CHW003,2023-11-13,2023-12-07,FAC005
REF0977,HH1510,CHW008,2023-04-06,,
REF0978,HH1511,CHW004,2023-05-14,2023-05-15,FAC019
REF0979,HH1512,CHW002,2023-08-24,2023-09-22,FAC006
REF0980,HH1513,CHW002,2023-09-11,,
REF0981,HH1514,CHW001,2023-02-07,,
REF0982,HH1515,CHW006,2023-08-19,,
REF0983,HH1517,CHW006,2023-11-11,,
REF0984,HH1519,CHW009,2023-03-20,2023-03-31,FAC005
REF0985,HH1520,CHW004,2023-12-21,2023-12-24,FAC012
REF0986,HH1521,CHW009,2023-05-31,,
REF0987,HH1523,CHW007,2023-10-26,2023-11-19,FAC016
REF0988,HH1525,CHW010,2023-11-07,2023-11-28,FAC003
REF0989,HH1526,CHW008,2023-01-18,2023-02-14,FAC017
REF0990,HH1528,CHW007,2023-07-03,2023-07-28,FAC011
REF0991,HH1529,CHW002,2023-06-13,,
REF0992,HH1531,CHW010,2023-09-27,,
REF0993,HH1533,CHW004,2023-01-26,2023-01-30,FAC004
REF0994,HH1534,CHW008,2023-11-04,2023-11-05,FAC019
REF0995,HH1537,CHW002,2023-02-18,2023-03-15,FAC012
REF0996,HH1538,CHW007,2023-10-12,2023-11-04,FAC015
REF0997,HH1539,CHW008,2023-07-11,2023-07-12,FAC005
REF0998,HH1540,CHW002,2023-12-19,2024-01-17,FAC012
REF0999,HH1542,CHW001,2023-01-25,,
REF1000,HH1545,CHW010,2023-11-23,2023-12-09,FAC016
REF1001,HH1546,CHW005,2023-09-05,,
REF1002,HH1547,CHW006,2023-05-05,2023-05-21,FAC002
REF1003,HH1548,CHW004,2023-12-10,2023-12-17,FAC019
REF1004,HH1549,CHW009,2023-06-10,,
REF1005,HH1550,CHW009,2023-03-08,,
REF1006,HH1551,CHW010,2023-04-14,,
REF1007,HH1554,CHW003,2023-01-15,2023-02-02,FAC003
REF1008,HH1556,CHW009,2023-01-28,,
REF1009,HH1558,CHW010,2023-09-29,2023-10-07,FAC004
REF1010,HH1559,CHW004,2023-01-28,,
REF1011,HH1560,CHW005,2023-11-14,2023-12-08,FAC009
REF1012,HH1561,CHW008,2023-03-29,,
REF1013,HH1566,CHW002,2023-12-14,,
REF1014,HH1567,CHW010,2023-09-08,,
REF1015,HH1568,CHW010,2023-05-29,,
REF1016,HH1570,CHW005,2023-09-07,2023-09-30,FAC011
REF1017,HH1571,CHW009,2023-11-02,,
REF1018,HH1572,CHW001,2023-07-30,2023-08-18,FAC014
REF1019,HH1576,CHW007,2023-05-22,,
REF1020,HH1577,CHW010,2023-08-10,,
REF1021,HH1578,CHW008,2023-08-27,,
REF1022,HH1580,CHW001,2023-01-21,2023-02-04,FAC012
REF1023,HH1583,CHW005,2023-04-11,2023-05-11,FAC012
REF1024,HH1586,CHW006,2023-03-13,,
REF1025,HH1588,CHW009,2023-07-12,,
REF1026,HH1589,CHW006,2023-12-17,,
REF1027,HH1591,CHW007,2023-03-13,,
REF1028,HH1592,CHW006,2023-11-14,,
REF1029,HH1594,CHW001,2023-01-29,2023-02-08,FAC019
REF1030,HH1596,CHW004,2023-10-15,,
REF1031,HH1600,CHW002,2023-01-13,,
REF1032,HH1602,CHW009,2023-11-10,,
REF1033,HH1603,CHW003,2023-12-03,2023-12-25,FAC004
REF1034,HH1604,CHW010,2023-07-08,,
REF1035,HH1606,CHW008,2023-10-16,,
REF1036,HH1609,CHW006,2023-09-15,2023-09-20,FAC012
REF1037,HH1610,CHW010,2023-08-24,,
REF1038,HH1611,CHW005,2023-02-04,,
REF1039,HH1612,CHW003,2023-03-08,,
REF1040,HH1613,CHW002,2023-01-16,,
REF1041,HH1614,CHW008,2023-06-15,,
REF1042,HH1616,CHW002,2023-02-07,,
REF1043,HH1617,CHW003,2023-02-25,,
REF1044,HH1618,CHW009,2023-04-11,2023-05-05,FAC006
REF1045,HH1619,CHW007,2023-02-14,,
REF1046,HH1620,CHW001,2023-07-28,,
REF1047,HH1621,CHW009,2023-04-08,2023-05-07,FAC018
REF1048,HH1623,CHW010,2023-03-07,,
REF1049,HH1627,CHW010,2023-06-09,,
REF1050,HH1628,CHW010,2023-05-15,2023-05-26,FAC002
REF1051,HH1632,CHW008,2023-05-19,,
REF1052,HH1633,CHW006,2023-09-02,2023-09-27,FAC007
REF1053,HH1634,CHW009,2023-07-14,2023-08-08,FAC013
REF1054,HH1635,CHW003,2023-12-26,2024-01-15,FAC012
REF1055,HH1636,CHW006,2023-06-25,2023-06-26,FAC008
REF1056,HH1638,CHW002,2023-03-06,2023-03-27,FAC008
REF1057,HH1639,CHW005,2023-11-07,2023-11-25,FAC007
REF1058,HH1641,CHW009,2023-12-01,,
REF1059,HH1642,CHW002,2023-06-27,2023-07-02,FAC017
REF1060,HH1643,CHW004,2023-10-11,,
REF1061,HH1645,CHW001,2023-01-18,,
REF1062,HH1647,CHW007,2023-01-23,,
REF1063,HH1652,CHW009,2023-08-06,2023-08-30,FAC008
REF1064,HH1653,CHW003,2023-05-24,2023-06-11,FAC010
REF1065,HH1655,CHW006,2023-12-04,,
REF1066,HH1656,CHW006,2023-04-02,,
REF1067,HH1657,CHW006,2023-11-23,,
REF1068,HH1658,CHW002,2023-11-09,2023-12-05,FAC009
REF1069,HH1659,CHW005,2023-03-07,,
REF1070,HH1660,CHW001,2023-02-28,,
REF1071,HH1661,CHW010,2023-01-22,,
REF1072,HH1662,CHW005,2023-01-09,2023-01-17,FAC012
REF1073,HH1663,CHW002,2023-09-17,2023-09-29,FAC014
REF1074,HH1665,CHW010,2023-06-21,,
REF1075,HH1667,CHW010,2023-02-24,,
REF1076,HH1668,CHW009,2023-12-31,,
REF1077,HH1670,CHW004,2023-10-03,,
REF1078,HH1672,CHW006,2023-07-05,2023-07-13,FAC015
REF1079,HH1674,CHW008,2023-08-18,,
REF1080,HH1675,CHW003,2023-07-28,,
REF1081,HH1681,CHW003,2023-08-05,2023-08-15,FAC004
REF1082,HH1683,CHW001,2023-07-01,,
REF1083,HH1684,CHW007,2023-09-02,,
REF1084,HH1685,CHW009,2023-03-19,,
REF1085,HH1687,CHW002,2023-06-02,,
REF1086,HH1688,CHW010,2023-08-07,2023-08-12,FAC002
REF1087,HH1689,CHW004,2023-09-23,2023-09-27,FAC010
REF1088,HH1690,CHW005,2023-08-13,,
REF1089,HH1691,CHW010,2023-04-29,,
REF1090,HH1694,CHW006,2023-05-25,,
REF1091,HH1695,CHW008,2023-02-26,,
REF1092,HH1697,CHW002,2023-02-08,,
REF1093,HH1699,CHW001,2023-02-21,,
REF1094,HH1701,CHW010,2023-04-23,,
REF1095,HH1705,CHW005,2023-07-14,,
REF1096,HH1706,CHW003,2023-04-29,,
REF1097,HH1707,CHW010,2023-10-06,,
REF1098,HH1708,CHW005,2023-08-17,,
REF1099,HH1709,CHW006,2023-02-28,,
REF1100,HH1710,CHW008,2023-11-04,2023-11-11,FAC014
REF1101,HH1711,CHW001,2023-06-15,,
REF1102,HH1712,CHW007,2023-05-14,2023-06-04,FAC002
REF1103,HH1713,CHW005,2023-07-29,,
REF1104,HH1718,CHW004,2023-03-24,,
REF1105,HH1719,CHW004,2023-01-19,,
REF1106,HH1720,CHW001,2023-05-25,,
REF1107,HH1721,CHW001,2023-03-05,2023-03-29,FAC009
REF1108,HH1722,CHW002,2023-02-07,,
REF1109,HH1724,CHW004,2023-06-15,,
REF1110,HH1725,CHW002,2023-12-02,2023-12-16,FAC018
REF1111,HH1726,CHW005,2023-05-26,,
REF1112,HH1727,CHW007,2023-10-07,,
REF1113,HH1728,CHW007,2023-08-17,2023-09-12,FAC003
REF1114,HH1729,CHW002,2023-04-17,2023-04-30,FAC020
REF1115,HH1730,CHW008,2023-01-31,,
REF1116,HH1732,CHW005,2023-04-18,2023-05-09,FAC008
REF1117,HH1738,CHW007,2023-12-13,2024-01-03,FAC006
REF1118,HH1739,CHW003,2023-09-25,2023-10-10,FAC007
REF1119,HH1742,CHW002,2023-06-09,,
REF1120,HH1743,CHW006,2023-02-01,,
REF1121,HH1745,CHW005,2023-08-07,,
REF1122,HH1746,CHW005,2023-10-05,2023-10-29,FAC007
REF1123,HH1747,CHW005,2023-05-15,,
REF1124,HH1749,CHW010,2023-08-31,,
REF1125,HH1752,CHW007,2023-06-17,2023-07-12,FAC013
REF1126,HH1753,CHW008,2023-06-09,,
REF1127,HH1755,CHW009,2023-09-08,,
REF1128,HH1757,CHW008,2023-08-06,2023-08-30,FAC001
REF1129,HH1758,CHW004,2023-07-04,2023-08-03,FAC012
REF1130,HH1759,CHW005,2023-01-07,,
REF1131,HH1760,CHW007,2023-12-23,,
REF1132,HH1761,CHW001,2023-08-30,,
REF1133,HH1762,CHW009,2023-01-20,2023-02-17,FAC005
REF1134,HH1764,CHW006,2023-10-06,,
REF1135,HH1766,CHW010,2023-07-07,,
REF1136,HH1767,CHW001,2023-04-09,2023-04-24,FAC002
REF1137,HH1768,CHW005,2023-04-12,,
REF1138,HH1769,CHW001,2023-05-21,,
REF1139,HH1771,CHW003,2023-04-06,,
REF1140,HH1773,CHW005,2023-11-25,,
REF1141,HH1774,CHW005,2023-07-14,,
REF1142,HH1775,CHW007,2023-04-07,2023-04-30,FAC015
REF1143,HH1776,CHW005,2023-09-08,,
REF1144,HH1777,CHW008,2023-01-19,,
REF1145,HH1778,CHW007,2023-11-27,,
REF1146,HH1780,CHW005,2023-08-28,,
REF1147,HH1781,CHW008,2023-08-28,,
REF1148,HH1783,CHW001,2023-08-04,2023-09-03,FAC012
REF1149,HH1784,CHW005,2023-08-28,,
REF1150,HH1785,CHW010,2023-12-22,2024-01-15,FAC012
REF1151,HH1786,CHW010,2023-09-05,,
REF1152,HH1789,CHW009,2023-10-18,,
REF1153,HH1791,CHW008,2023-03-26,2023-04-05,FAC003
REF1154,HH1792,CHW003,2023-04-15,,
REF1155,HH1794,CHW008,2023-12-24,,
REF1156,HH1796,CHW007,2023-05-25,,
REF1157,HH1797,CHW006,2023-12-09,,
REF1158,HH1798,CHW004,2023-07-05,,
REF1159,HH1799,CHW002,2023-03-12,,
REF1160,HH1801,CHW005,2023-07-18,,
REF1161,HH1802,CHW007,2023-03-25,2023-04-16,FAC004
REF1162,HH1803,CHW007,2023-03-24,2023-04-14,FAC013
REF1163,HH1804,CHW007,2023-06-05,,
REF1164,HH1805,CHW008,2023-08-31,2023-09-14,FAC018
REF1165,HH1809,CHW006,2023-08-06,2023-08-15,FAC006
REF1166,HH1811,CHW005,2023-01-19,,
REF1167,HH1813,CHW003,2023-11-21,,
REF1168,HH1814,CHW010,2023-09-26,2023-10-01,FAC020
REF1169,HH1815,CHW002,2023-09-20,,
REF1170,HH1818,CHW010,2023-10-04,2023-10-23,FAC016
REF1171,HH1819,CHW004,2023-05-21,,
REF1172,HH1820,CHW010,2023-04-03,2023-04-29,FAC014
REF1173,HH1821,CHW003,2023-05-17,2023-06-09,FAC011
REF1174,HH1822,CHW004,2023-11-10,,
REF1175,HH1823,CHW006,2023-07-19,2023-08-15,FAC015
REF1176,HH1824,CHW003,2023-09-13,2023-09-15,FAC019
REF1177,HH1825,CHW002,2023-10-15,,
REF1178,HH1826,CHW006,2023-05-30,2023-06-19,FAC019
REF1179,HH1827,CHW003,2023-10-17,2023-11-10,FAC016
REF1180,HH1829,CHW002,2023-04-22,2023-04-28,FAC013
REF1181,HH1831,CHW005,2023-07-05,,
REF1182,HH1833,CHW008,2023-04-01,2023-04-16,FAC006
REF1183,HH1834,CHW002,2023-10-25,,
REF1184,HH1835,CHW010,2023-03-12,,
REF1185,HH1836,CHW001,2023-11-09,,
REF1186,HH1837,CHW001,2023-11-04,,
REF1187,HH1838,CHW003,2023-07-08,,
REF1188,HH1839,CHW004,2023-03-09,,
REF1189,HH1840,CHW004,2023-05-04,2023-05-24,FAC011
REF1190,HH1841,CHW003,2023-08-25,2023-09-16,FAC014
REF1191,HH1845,CHW001,2023-07-24,2023-07-29,FAC009
REF1192,HH1846,CHW010,2023-03-28,2023-04-13,FAC007
REF1193,HH1847,CHW005,2023-06-18,,
REF1194,HH1848,CHW004,2023-06-25,,
REF1195,HH1849,CHW005,2023-05-21,2023-05-29,FAC012
REF1196,HH1850,CHW010,2023-05-30,2023-06-22,FAC015
REF1197,HH1852,CHW007,2023-11-23,2023-11-24,FAC009
REF1198,HH1853,CHW006,2023-09-18,,
REF1199,HH1854,CHW006,2023-03-21,2023-04-20,FAC016
REF1200,HH1855,CHW003,2023-03-31,,
REF1201,HH1856,CHW006,2023-06-08,,
REF1202,HH1858,CHW009,2023-04-14,2023-04-25,FAC017
REF1203,HH1860,CHW001,2023-10-18,,
REF1204,HH1861,CHW004,2023-12-20,,
REF1205,HH1863,CHW003,2023-02-01,,
REF1206,HH1864,CHW008,2023-10-02,,
REF1207,HH1865,CHW004,2023-03-01,,
REF1208,HH1868,CHW001,2023-07-28,2023-08-13,FAC017
REF1209,HH1869,CHW005,2023-06-03,,
REF1210,HH1870,CHW009,2023-11-17,2023-12-04,FAC016
REF1211,HH1872,CHW005,2023-08-15,2023-08-23,FAC007
REF1212,HH1873,CHW005,2023-06-06,2023-06-26,FAC007
REF1213,HH1874,CHW010,2023-03-21,,
REF1214,HH1875,CHW003,2023-06-16,,
REF1215,HH1876,CHW005,2023-05-15,2023-06-08,FAC012
REF1216,HH1877,CHW006,2023-06-07,2023-06-20,FAC002
REF1217,HH1878,CHW007,2023-11-27,2023-12-20,FAC007
REF1218,HH1879,CHW004,2023-05-31,,
REF1219,HH1880,CHW006,2023-10-14,,
REF1220,HH1881,CHW005,2023-02-08,,
REF1221,HH1882,CHW010,2023-01-24,,
REF1222,HH1883,CHW008,2023-05-24,2023-06-04,FAC009
REF1223,HH1884,CHW009,2023-08-13,,
REF1224,HH1885,CHW002,2023-07-31,,
REF1225,HH1886,CHW009,2023-08-13,,
REF1226,HH1889,CHW004,2023-07-05,,
REF1227,HH1890,CHW001,2023-03-03,,
REF1228,HH1891,CHW001,2023-01-31,,
REF1229,HH1892,CHW001,2023-06-17,2023-06-20,FAC003
REF1230,HH1893,CHW010,2023-10-13,,
REF1231,HH1894,CHW002,2023-11-09,,
REF1232,HH1895,CHW007,2023-08-27,2023-09-17,FAC019
REF1233,HH1897,CHW007,2023-01-04,2023-01-18,FAC005
REF1234,HH1898,CHW005,2023-10-27,,
REF1235,HH1904,CHW002,2023-01-14,,
REF1236,HH1905,CHW007,2023-04-16,2023-05-16,FAC019
REF1237,HH1910,CHW002,2023-07-04,,
REF1238,HH1912,CHW008,2023-05-21,,
REF1239,HH1913,CHW003,2023-03-07,,
REF1240,HH1914,CHW001,2023-04-18,,
REF1241,HH1916,CHW003,2023-02-26,2023-03-19,FAC012
REF1242,HH1919,CHW007,2023-10-04,2023-11-02,FAC008
REF1243,HH1921,CHW008,2023-10-02,,
REF1244,HH1923,CHW002,2023-09-10,,
REF1245,HH1926,CHW005,2023-12-04,,
REF1246,HH1927,CHW010,2023-03-09,,
REF1247,HH1931,CHW008,2023-04-07,2023-04-27,FAC009
REF1248,HH1932,CHW009,2023-03-02,,
REF1249,HH1933,CHW005,2023-09-07,,
REF1250,HH1936,CHW008,2023-03-03,2023-03-18,FAC014
REF1251,HH1940,CHW006,2023-04-28,2023-05-04,FAC020
REF1252,HH1943,CHW008,2023-03-11,2023-03-29,FAC010
REF1253,HH1944,CHW004,2023-01-31,,
REF1254,HH1945,CHW004,2023-03-23,2023-04-04,FAC003
REF1255,HH1946,CHW004,2023-03-13,,
REF1256,HH1949,CHW009,2023-11-18,2023-11-22,FAC018
REF1257,HH1951,CHW005,2023-07-15,,
REF1258,HH1952,CHW010,2023-12-30,2024-01-03,FAC003
REF1259,HH1955,CHW005,2023-11-24,2023-12-06,FAC003
REF1260,HH1956,CHW001,2023-09-06,,
REF1261,HH1957,CHW005,2023-12-29,,
REF1262,HH1959,CHW010,2023-03-02,,
REF1263,HH1960,CHW010,2023-07-21,,
REF1264,HH1961,CHW008,2023-07-24,2023-08-12,FAC006
REF1265,HH1963,CHW001,2023-08-22,,
REF1266,HH1964,CHW006,2023-05-22,,
REF1267,HH1965,CHW005,2023-04-18,,
REF1268,HH1966,CHW003,2023-02-15,2023-03-17,FAC003
REF1269,HH1967,CHW007,2023-11-15,2023-12-13,FAC016
REF1270,HH1970,CHW009,2023-11-25,,
REF1271,HH1973,CHW002,2023-11-11,2023-12-08,FAC002
REF1272,HH1974,CHW004,2023-12-08,,
REF1273,HH1975,CHW004,2023-04-26,2023-04-27,FAC020
REF1274,HH1976,CHW008,2023-08-01,,
REF1275,HH1977,CHW010,2023-11-18,,
REF1276,HH1978,CHW006,2023-08-09,2023-09-01,FAC005
REF1277,HH1979,CHW006,2023-05-07,,
REF1278,HH1981,CHW010,2023-06-28,,
REF1279,HH1982,CHW001,2023-11-13,,
REF1280,HH1985,CHW005,2023-05-10,,
REF1281,HH1986,CHW003,2023-04-21,,
REF1282,HH1987,CHW006,2023-10-19,,
REF1283,HH1988,CHW010,2023-01-04,2023-01-08,FAC003
REF1284,HH1989,CHW010,2023-09-29,2023-10-19,FAC006
REF1285,HH1990,CHW003,2023-11-29,2023-12-12,FAC019
REF1286,HH1993,CHW008,2023-04-05,,
REF1287,HH1994,CHW002,2023-08-20,,
REF1288,HH1995,CHW009,2023-12-16,,
REF1289,HH1997,CHW010,2023-07-11,,
REF1290,HH2001,CHW009,2023-06-09,2023-06-26,FAC006
REF1291,HH2003,CHW009,2023-08-18,2023-08-26,FAC016
REF1292,HH2006,CHW009,2023-10-22,,
REF1293,HH2007,CHW005,2023-03-11,,
REF1294,HH2009,CHW008,2023-06-14,,
REF1295,HH2011,CHW004,2023-06-07,,
REF1296,HH2012,CHW009,2023-01-25,,
REF1297,HH2013,CHW001,2023-08-11,,
REF1298,HH2015,CHW006,2023-04-15,2023-05-14,FAC004
REF1299,HH2017,CHW007,2023-07-10,2023-07-18,FAC020
REF1300,HH2018,CHW005,2023-12-15,,
REF1301,HH2020,CHW007,2023-04-08,2023-05-01,FAC013
REF1302,HH2024,CHW007,2023-10-02,2023-10-29,FAC007
REF1303,HH2027,CHW007,2023-02-12,,
REF1304,HH2028,CHW008,2023-08-15,,
REF1305,HH2030,CHW003,2023-05-09,,
REF1306,HH2034,CHW002,2023-11-05,,
REF1307,HH2036,CHW010,2023-03-28,2023-04-01,FAC008
REF1308,HH2037,CHW001,2023-01-02,2023-01-10,FAC002
REF1309,HH2039,CHW010,2023-07-17,,
REF1310,HH2040,CHW008,2023-06-26,,
REF1311,HH2042,CHW007,2023-03-24,2023-03-26,FAC015
REF1312,HH2044,CHW004,2023-08-04,,
REF1313,HH2045,CHW007,2023-07-06,,
REF1314,HH2047,CHW010,2023-08-26,2023-09-08,FAC005
REF1315,HH2050,CHW009,2023-12-04,,
REF1316,HH2052,CHW010,2023-11-25,2023-12-03,FAC005
REF1317,HH2053,CHW008,2023-11-09,,
REF1318,HH2054,CHW002,2023-01-05,2023-02-04,FAC012
REF1319,HH2055,CHW004,2023-04-20,,
REF1320,HH2056,CHW010,2023-09-01,2023-09-19,FAC006
REF1321,HH2061,CHW010,2023-07-05,2023-07-21,FAC019
REF1322,HH2062,CHW006,2023-02-13,,
REF1323,HH2064,CHW006,2023-12-31,,
REF1324,HH2066,CHW006,2023-04-09,,
REF1325,HH2067,CHW001,2023-05-03,,
REF1326,HH2068,CHW001,2023-12-03,2023-12-31,FAC020
REF1327,HH2070,CHW004,2023-07-14,2023-08-09,FAC017
REF1328,HH2071,CHW007,2023-12-29,,
REF1329,HH2075,CHW003,2023-02-14,,
REF1330,HH2077,CHW006,2023-02-24,2023-03-20,FAC003
REF1331,HH2079,CHW004,2023-02-10,2023-02-26,FAC020
REF1332,HH2080,CHW003,2023-05-28,,
REF1333,HH2081,CHW002,2023-04-12,,
REF1334,HH2082,CHW002,2023-04-06,,
REF1335,HH2083,CHW010,2023-11-04,2023-11-16,FAC008
REF1336,HH2084,CHW009,2023-12-02,2023-12-04,FAC003
REF1337,HH2085,CHW008,2023-01-31,,
REF1338,HH2087,CHW010,2023-02-03,,
REF1339,HH2088,CHW008,2023-09-13,,
REF1340,HH2090,CHW007,2023-08-25,,
REF1341,HH2091,CHW008,2023-03-14,2023-03-19,FAC011
REF1342,HH2092,CHW007,2023-07-24,,
REF1343,HH2093,CHW003,2023-10-31,2023-11-05,FAC009
REF1344,HH2094,CHW006,2023-01-12,,
REF1345,HH2096,CHW007,2023-03-23,2023-04-03,FAC016
REF1346,HH2098,CHW007,2023-01-07,2023-01-27,FAC014
REF1347,HH2100,CHW006,2023-07-11,,
REF1348,HH2101,CHW002,2023-08-17,2023-08-25,FAC011
REF1349,HH2102,CHW008,2023-10-12,,
REF1350,HH2103,CHW006,2023-10-21,,
REF1351,HH2104,CHW004,2023-10-16,,
REF1352,HH2105,CHW007,2023-11-16,,
REF1353,HH2106,CHW005,2023-08-19,2023-08-24,FAC012
REF1354,HH2107,CHW001,2023-05-07,,
REF1355,HH2110,CHW010,2023-03-03,2023-03-29,FAC017
REF1356,HH2111,CHW005,2023-07-12,2023-07-22,FAC001
REF1357,HH2112,CHW001,2023-11-26,,
REF1358,HH2113,CHW003,2023-11-17,,
REF1359,HH2114,CHW002,2023-08-22,,
REF1360,HH2117,CHW009,2023-11-18,2023-12-15,FAC002
REF1361,HH2119,CHW001,2023-03-09,2023-03-15,FAC008
REF1362,HH2120,CHW002,2023-07-02,2023-07-15,FAC018
REF1363,HH2121,CHW001,2023-08-02,,
REF1364,HH2123,CHW004,2023-01-29,,
REF1365,HH2125,CHW003,2023-09-14,,
REF1366,HH2126,CHW001,2023-05-29,2023-06-17,FAC002
REF1367,HH2127,CHW004,2023-10-26,,
REF1368,HH2128,CHW006,2023-03-26,,
REF1369,HH2129,CHW010,2023-05-17,2023-06-06,FAC009
REF1370,HH2130,CHW006,2023-06-17,2023-06-18,FAC015
REF1371,HH2131,CHW010,2023-12-10,2023-12-23,FAC004
REF1372,HH2133,CHW004,2023-07-04,,
REF1373,HH2135,CHW004,2023-06-20,,
REF1374,HH2136,CHW007,2023-09-09,,
REF1375,HH2139,CHW005,2023-07-15,2023-08-05,FAC007
REF1376,HH2140,CHW007,2023-02-08,2023-02-12,FAC010
REF1377,HH2141,CHW003,2023-08-22,,
REF1378,HH2143,CHW004,2023-10-24,,
REF1379,HH2146,CHW008,2023-03-31,,
REF1380,HH2148,CHW001,2023-05-20,,
REF1381,HH2149,CHW001,2023-01-23,,
REF1382,HH2150,CHW004,2023-05-27,,
REF1383,HH2151,CHW003,2023-12-04,,
REF1384,HH2153,CHW005,2023-12-11,,
REF1385,HH2154,CHW007,2023-11-05,2023-11-20,FAC015
REF1386,HH2155,CHW009,2023-03-26,,
REF1387,HH2157,CHW010,2023-04-16,,
REF1388,HH2159,CHW005,2023-12-07,,
REF1389,HH2160,CHW008,2023-06-16,2023-07-08,FAC013
REF1390,HH2161,CHW004,2023-07-28,,
REF1391,HH2162,CHW003,2023-01-01,,
REF1392,HH2163,CHW005,2023-07-27,2023-08-23,FAC007
REF1393,HH2164,CHW001,2023-01-16,,
REF1394,HH2165,CHW002,2023-05-10,2023-05-23,FAC001
REF1395,HH2166,CHW010,2023-06-25,,
REF1396,HH2167,CHW008,2023-12-14,2023-12-23,FAC016
REF1397,HH2170,CHW002,2023-05-10,,
REF1398,HH2171,CHW002,2023-07-14,,
REF1399,HH2172,CHW006,2023-10-10,,
REF1400,HH2175,CHW010,2023-10-02,2023-10-19,FAC016
REF1401,HH2176,CHW003,2023-05-31,2023-06-04,FAC005
REF1402,HH2177,CHW002,2023-09-04,,
REF1403,HH2178,CHW003,2023-01-23,,
REF1404,HH2179,CHW008,2023-08-16,2023-09-09,FAC020
REF1405,HH2180,CHW010,2023-08-13,,
REF1406,HH2182,CHW001,2023-08-12,2023-09-10,FAC012
REF1407,HH2183,CHW008,2023-09-17,2023-10-06,FAC006
REF1408,HH2184,CHW004,2023-12-04,,
REF1409,HH2185,CHW003,2023-03-01,2023-03-25,FAC013
REF1410,HH2186,CHW001,2023-01-31,,
REF1411,HH2187,CHW010,2023-01-05,2023-01-21,FAC007
REF1412,HH2188,CHW004,2023-09-02,,
REF1413,HH2190,CHW002,2023-09-20,2023-10-15,FAC014
REF1414,HH2191,CHW006,2023-05-15,2023-05-28,FAC001
REF1415,HH2192,CHW004,2023-07-20,2023-08-09,FAC017
REF1416,HH2193,CHW007,2023-05-04,2023-05-24,FAC001
REF1417,HH2195,CHW001,2023-05-23,,
REF1418,HH2197,CHW008,2023-07-17,2023-08-02,FAC011
REF1419,HH2198,CHW009,2023-11-12,,
REF1420,HH2201,CHW009,2023-07-30,2023-08-19,FAC005
REF1421,HH2202,CHW005,2023-12-18,,
REF1422,HH2203,CHW009,2023-03-02,2023-03-28,FAC011
REF1423,HH2204,CHW003,2023-07-11,,
REF1424,HH2205,CHW008,2023-03-16,,
REF1425,HH2207,CHW008,2023-10-09,,
REF1426,HH2208,CHW005,2023-08-07,,
REF1427,HH2210,CHW006,2023-01-22,,
REF1428,HH2221,CHW010,2023-01-12,,
REF1429,HH2224,CHW010,2023-12-16,2023-12-29,FAC009
REF1430,HH2226,CHW010,2023-11-27,2023-12-16,FAC012
REF1431,HH2228,CHW002,2023-05-11,,
REF1432,HH2230,CHW007,2023-01-25,2023-02-14,FAC018
REF1433,HH2231,CHW001,2023-02-10,2023-03-10,FAC014
REF1434,HH2232,CHW005,2023-04-28,2023-05-01,FAC020
REF1435,HH2233,CHW001,2023-12-02,,
REF1436,HH2238,CHW004,2023-06-16,2023-07-03,FAC002
REF1437,HH2240,CHW003,2023-11-08,,
REF1438,HH2241,CHW002,2023-03-24,2023-03-25,FAC010
REF1439,HH2243,CHW008,2023-11-07,,
REF1440,HH2245,CHW004,2023-11-04,,
REF1441,HH2246,CHW007,2023-06-03,,
REF1442,HH2249,CHW008,2023-09-07,2023-09-12,FAC014
REF1443,HH2250,CHW001,2023-03-16,2023-03-31,FAC013
REF1444,HH2251,CHW007,2023-11-03,,
REF1445,HH2254,CHW001,2023-09-18,,
REF1446,HH2255,CHW010,2023-06-27,,
REF1447,HH2256,CHW010,2023-08-13,2023-09-07,FAC018
REF1448,HH2258,CHW007,2023-12-05,,
REF1449,HH2259,CHW004,2023-11-12,2023-11-13,FAC005
REF1450,HH2262,CHW003,2023-05-16,,
REF1451,HH2264,CHW006,2023-07-10,,
REF1452,HH2265,CHW006,2023-12-07,,
REF1453,HH2266,CHW010,2023-12-16,2024-01-01,FAC009
REF1454,HH2267,CHW006,2023-06-03,,
REF1455,HH2269,CHW004,2023-03-20,2023-04-08,FAC011
REF1456,HH2271,CHW002,2023-01-30,,
REF1457,HH2273,CHW008,2023-07-22,2023-07-30,FAC020
REF1458,HH2275,CHW002,2023-02-12,,
REF1459,HH2277,CHW001,2023-05-30,,
REF1460,HH2280,CHW001,2023-01-01,,
REF1461,HH2282,CHW005,2023-02-03,,
REF1462,HH2283,CHW009,2023-09-12,,
REF1463,HH2284,CHW003,2023-08-20,,
REF1464,HH2285,CHW007,2023-05-01,2023-05-16,FAC005
REF1465,HH2288,CHW005,2023-12-19,,
REF1466,HH2289,CHW002,2023-12-30,2024-01-12,FAC007
REF1467,HH2291,CHW007,2023-09-12,,
REF1468,HH2292,CHW008,2023-06-17,,
REF1469,HH2294,CHW005,2023-02-17,,
REF1470,HH2295,CHW004,2023-05-23,,
REF1471,HH2296,CHW006,2023-06-25,2023-07-20,FAC017
REF1472,HH2297,CHW004,2023-03-17,,
REF1473,HH2299,CHW008,2023-10-03,2023-10-17,FAC019
REF1474,HH2302,CHW010,2023-07-22,,
REF1475,HH2304,CHW002,2023-10-02,,
REF1476,HH2307,CHW007,2023-04-01,,
REF1477,HH2308,CHW006,2023-05-06,,
REF1478,HH2309,CHW005,2023-12-03,,
REF1479,HH2311,CHW005,2023-12-21,2023-12-25,FAC001
REF1480,HH2312,CHW004,2023-05-19,2023-06-05,FAC018
REF1481,HH2313,CHW008,2023-09-04,2023-09-07,FAC012
REF1482,HH2314,CHW003,2023-04-07,,
REF1483,HH2316,CHW003,2023-09-03,,
REF1484,HH2317,CHW007,2023-09-20,2023-10-11,FAC016
REF1485,HH2319,CHW008,2023-07-18,2023-08-02,FAC007
REF1486,HH2321,CHW006,2023-01-04,,
REF1487,HH2322,CHW010,2023-10-15,,
REF1488,HH2324,CHW006,2023-06-09,,
REF1489,HH2325,CHW001,2023-12-07,,
REF1490,HH2327,CHW006,2023-09-13,2023-09-23,FAC011
REF1491,HH2328,CHW003,2023-03-12,2023-03-21,FAC011
REF1492,HH2329,CHW006,2023-04-04,2023-05-01,FAC018
REF1493,HH2331,CHW005,2023-07-26,,
REF1494,HH2332,CHW002,2023-05-18,,
REF1495,HH2333,CHW010,2023-02-24,2023-03-14,FAC004
REF1496,HH2334,CHW005,2023-10-30,2023-11-20,FAC019
REF1497,HH2335,CHW002,2023-08-29,,
REF1498,HH2337,CHW010,2023-04-07,2023-04-29,FAC013
REF1499,HH2339,CHW010,2023-05-18,2023-06-07,FAC016
REF1500,HH2340,CHW001,2023-07-27,,
REF1501,HH2341,CHW010,2023-12-10,2023-12-12,FAC003
REF1502,HH2342,CHW007,2023-04-22,,
REF1503,HH2345,CHW006,2023-07-13,2023-08-03,FAC005
REF1504,HH2347,CHW008,2023-05-21,,
REF1505,HH2348,CHW001,2023-08-23,,
REF1506,HH2350,CHW008,2023-10-28,,
REF1507,HH2351,CHW005,2023-07-19,,
REF1508,HH2353,CHW009,2023-11-25,2023-12-04,FAC004
REF1509,HH2354,CHW005,2023-09-22,,
REF1510,HH2355,CHW002,2023-05-25,,
REF1511,HH2356,CHW009,2023-10-22,,
REF1512,HH2357,CHW001,2023-01-11,2023-01-18,FAC006
REF1513,HH2358,CHW002,2023-08-06,,
REF1514,HH2359,CHW010,2023-10-16,2023-10-24,FAC011
REF1515,HH2360,CHW001,2023-07-02,,
REF1516,HH2362,CHW004,2023-01-23,,
REF1517,HH2363,CHW002,2023-03-11,2023-03-20,FAC001
REF1518,HH2366,CHW010,2023-11-19,,
REF1519,HH2368,CHW008,2023-07-30,,
REF1520,HH2370,CHW008,2023-01-14,2023-02-10,FAC006
REF1521,HH2372,CHW004,2023-06-01,2023-06-05,FAC007
REF1522,HH2373,CHW006,2023-06-03,2023-07-02,FAC006
REF1523,HH2375,CHW009,2023-12-17,,
REF1524,HH2376,CHW004,2023-03-20,,
REF1525,HH2378,CHW003,2023-08-18,2023-08-25,FAC001
REF1526,HH2381,CHW004,2023-10-14,2023-11-12,FAC008
REF1527,HH2382,CHW003,2023-01-26,,
REF1528,HH2384,CHW006,2023-03-11,,
REF1529,HH2385,CHW004,2023-04-23,,
REF1530,HH2386,CHW002,2023-11-21,,
REF1531,HH2387,CHW006,2023-01-17,,
REF1532,HH2389,CHW002,2023-09-04,,
REF1533,HH2390,CHW006,2023-11-19,,
REF1534,HH2393,CHW010,2023-10-23,,
REF1535,HH2394,CHW002,2023-03-31,,
REF1536,HH2396,CHW008,2023-01-23,,
REF1537,HH2397,CHW007,2023-11-22,2023-11-27,FAC013
REF1538,HH2398,CHW007,2023-05-01,,
REF1539,HH2399,CHW006,2023-01-26,2023-01-28,FAC018
REF1540,HH2401,CHW004,2023-11-05,,
REF1541,HH2402,CHW001,2023-11-22,2023-12-18,FAC002
REF1542,HH2405,CHW003,2023-09-13,2023-10-08,FAC007
REF1543,HH2406,CHW009,2023-02-02,2023-02-25,FAC013
REF1544,HH2407,CHW010,2023-06-01,2023-06-09,FAC014
REF1545,HH2408,CHW003,2023-09-28,,
REF1546,HH2410,CHW007,2023-07-01,,
REF1547,HH2411,CHW001,2023-07-26,,
REF1548,HH2412,CHW005,2023-01-12,,
REF1549,HH2413,CHW005,2023-09-20,,
REF1550,HH2415,CHW005,2023-03-10,2023-03-20,FAC002
REF1551,HH2418,CHW002,2023-04-24,,
REF1552,HH2419,CHW008,2023-03-05,2023-03-27,FAC007
REF1553,HH2423,CHW002,2023-09-14,2023-10-11,FAC001
REF1554,HH2424,CHW001,2023-02-24,2023-03-16,FAC017
REF1555,HH2425,CHW001,2023-12-19,,
REF1556,HH2427,CHW010,2023-04-20,2023-04-30,FAC020
REF1557,HH2428,CHW002,2023-09-27,2023-10-05,FAC013
REF1558,HH2429,CHW009,2023-06-25,,
REF1559,HH2430,CHW003,2023-04-21,,
REF1560,HH2434,CHW004,2023-07-22,2023-08-15,FAC005
REF1561,HH2435,CHW007,2023-01-22,2023-02-04,FAC013
REF1562,HH2436,CHW010,2023-01-14,,
REF1563,HH2438,CHW006,2023-08-09,2023-08-30,FAC016
REF1564,HH2439,CHW007,2023-11-15,,
REF1565,HH2440,CHW002,2023-06-05,,
REF1566,HH2441,CHW004,2023-06-02,2023-06-23,FAC012
REF1567,HH2444,CHW010,2023-02-03,,
REF1568,HH2445,CHW008,2023-10-26,,
REF1569,HH2447,CHW005,2023-11-25,,
REF1570,HH2448,CHW003,2023-10-24,,
REF1571,HH2450,CHW004,2023-04-05,2023-04-19,FAC013
REF1572,HH2452,CHW008,2023-07-23,,
REF1573,HH2454,CHW005,2023-04-27,,
REF1574,HH2455,CHW006,2023-05-05,,
REF1575,HH2457,CHW002,2023-12-22,,
REF1576,HH2458,CHW003,2023-10-30,2023-11-25,FAC018
REF1577,HH2460,CHW004,2023-10-15,,
REF1578,HH2462,CHW002,2023-04-09,2023-05-05,FAC010
REF1579,HH2466,CHW002,2023-09-15,,
REF1580,HH2467,CHW006,2023-01-25,,
REF1581,HH2470,CHW009,2023-10-26,2023-11-07,FAC008
REF1582,HH2471,CHW005,2023-01-09,2023-01-15,FAC002
REF1583,HH2472,CHW008,2023-07-26,,
REF1584,HH2473,CHW006,2023-10-12,,
REF1585,HH2474,CHW007,2023-03-24,2023-04-06,FAC017
REF1586,HH2475,CHW009,2023-02-04,2023-03-06,FAC005
REF1587,HH2476,CHW006,2023-03-29,,
REF1588,HH2477,CHW002,2023-01-06,2023-01-12,FAC001
REF1589,HH2479,CHW006,2023-08-28,2023-09-12,FAC003
REF1590,HH2480,CHW009,2023-06-07,2023-06-26,FAC011
REF1591,HH2482,CHW002,2023-05-22,2023-05-31,FAC004
REF1592,HH2484,CHW008,2023-12-08,,
REF1593,HH2485,CHW002,2023-10-29,2023-11-15,FAC014
REF1594,HH2486,CHW003,2023-09-09,,
REF1595,HH2487,CHW004,2023-02-28,,
REF1596,HH2489,CHW001,2023-12-26,,
REF1597,HH2492,CHW001,2023-01-02,,
REF1598,HH2493,CHW003,2023-11-19,2023-12-17,FAC012
REF1599,HH2494,CHW001,2023-10-04,,
REF1600,HH2495,CHW003,2023-09-25,,
REF1601,HH2496,CHW006,2023-07-23,,
REF1602,HH2497,CHW005,2023-08-09,,
REF1603,HH2499,CHW004,2023-11-03,2023-11-08,FAC010
REF1604,HH2500,CHW010,2023-11-09,2023-11-24,FAC018
REF1605,HH2501,CHW009,2023-01-19,,
REF1606,HH2502,CHW004,2023-08-18,,
REF1607,HH2503,CHW003,2023-11-12,,
REF1608,HH2504,CHW002,2023-09-11,2023-10-01,FAC019
REF1609,HH2505,CHW007,2023-03-20,,
REF1610,HH2506,CHW008,2023-11-26,2023-12-17,FAC008
REF1611,HH2507,CHW006,2023-12-23,,
REF1612,HH2508,CHW007,2023-11-14,2023-11-18,FAC006
REF1613,HH2510,CHW005,2023-04-04,2023-04-09,FAC012
REF1614,HH2511,CHW010,2023-04-06,,
REF1615,HH2512,CHW005,2023-04-24,,
REF1616,HH2513,CHW010,2023-06-24,,
REF1617,HH2514,CHW006,2023-09-30,,
REF1618,HH2516,CHW004,2023-09-29,,
REF1619,HH2517,CHW009,2023-10-14,,
REF1620,HH2518,CHW008,2023-07-17,2023-08-02,FAC010
REF1621,HH2524,CHW008,2023-06-17,,
REF1622,HH2525,CHW006,2023-04-20,,
REF1623,HH2526,CHW002,2023-08-07,,
REF1624,HH2527,CHW005,2023-12-23,,
REF1625,HH2529,CHW010,2023-03-04,,
REF1626,HH2530,CHW003,2023-01-04,,
REF1627,HH2533,CHW010,2023-08-01,2023-08-29,FAC006
REF1628,HH2536,CHW006,2023-11-11,,
REF1629,HH2537,CHW002,2023-12-21,,
REF1630,HH2539,CHW006,2023-04-28,2023-05-19,FAC004
REF1631,HH2540,CHW006,2023-02-05,2023-02-12,FAC014
REF1632,HH2541,CHW009,2023-04-04,,
REF1633,HH2542,CHW009,2023-07-16,,
REF1634,HH2543,CHW004,2023-08-18,2023-09-01,FAC005
REF1635,HH2545,CHW005,2023-02-05,,
REF1636,HH2546,CHW002,2023-04-08,2023-05-05,FAC001
REF1637,HH2548,CHW002,2023-08-01,,
REF1638,HH2551,CHW008,2023-06-14,2023-06-19,FAC013
REF1639,HH2553,CHW009,2023-08-21,2023-09-08,FAC006
REF1640,HH2554,CHW008,2023-11-27,2023-12-12,FAC007
REF1641,HH2555,CHW010,2023-10-26,2023-11-14,FAC019
REF1642,HH2556,CHW010,2023-07-30,,
REF1643,HH2557,CHW010,2023-11-24,2023-12-15,FAC012
REF1644,HH2558,CHW004,2023-06-13,2023-07-07,FAC015
REF1645,HH2559,CHW008,2023-03-24,2023-04-04,FAC009
REF1646,HH2560,CHW005,2023-09-13,,
REF1647,HH2563,CHW010,2023-09-27,,
REF1648,HH2564,CHW006,2023-10-24,2023-11-15,FAC004
REF1649,HH2565,CHW003,2023-07-23,2023-08-21,FAC002
REF1650,HH2566,CHW005,2023-09-08,,
REF1651,HH2567,CHW010,2023-06-28,2023-07-06,FAC018
REF1652,HH2571,CHW010,2023-01-12,,
REF1653,HH2572,CHW010,2023-06-28,,
REF1654,HH2575,CHW002,2023-03-16,2023-03-22,FAC004
REF1655,HH2576,CHW008,2023-08-27,,
REF1656,HH2577,CHW002,2023-02-27,2023-03-03,FAC020
REF1657,HH2579,CHW004,2023-01-19,2023-02-06,FAC001
REF1658,HH2580,CHW003,2023-11-30,2023-12-25,FAC010
REF1659,HH2581,CHW003,2023-02-16,2023-02-27,FAC001
REF1660,HH2582,CHW010,2023-06-17,2023-06-18,FAC019
REF1661,HH2584,CHW001,2023-12-08,,
REF1662,HH2585,CHW008,2023-02-19,2023-03-05,FAC012
REF1663,HH2586,CHW009,2023-10-04,2023-11-01,FAC001
REF1664,HH2588,CHW001,2023-03-05,,
REF1665,HH2589,CHW005,2023-03-27,,
REF1666,HH2590,CHW002,2023-08-07,2023-09-04,FAC010
REF1667,HH2592,CHW003,2023-04-24,2023-04-25,FAC020
REF1668,HH2593,CHW006,2023-09-12,,
REF1669,HH2594,CHW005,2023-02-03,,
REF1670,HH2595,CHW003,2023-05-09,,
REF1671,HH2597,CHW002,2023-01-20,2023-02-02,FAC009
REF1672,HH2598,CHW002,2023-03-24,,
REF1673,HH2601,CHW004,2023-07-29,,
REF1674,HH2602,CHW006,2023-01-25,,
REF1675,HH2605,CHW010,2023-04-04,,
REF1676,HH2609,CHW007,2023-08-12,2023-08-20,FAC005
REF1677,HH2612,CHW010,2023-02-04,,
REF1678,HH2615,CHW010,2023-12-29,2024-01-20,FAC003
REF1679,HH2617,CHW005,2023-11-03,,
REF1680,HH2621,CHW003,2023-09-06,,
REF1681,HH2622,CHW004,2023-03-31,,
REF1682,HH2624,CHW008,2023-02-04,,
REF1683,HH2627,CHW003,2023-11-19,,
REF1684,HH2632,CHW008,2023-09-25,,
REF1685,HH2633,CHW009,2023-08-13,2023-08-31,FAC002
REF1686,HH2635,CHW003,2023-07-14,2023-08-04,FAC003
REF1687,HH2636,CHW003,2023-12-12,,
REF1688,HH2637,CHW007,2023-08-26,,
REF1689,HH2639,CHW004,2023-05-13,,
REF1690,HH2640,CHW006,2023-01-23,2023-02-21,FAC018
REF1691,HH2641,CHW009,2023-06-20,,
REF1692,HH2642,CHW010,2023-12-10,2023-12-30,FAC014
REF1693,HH2643,CHW005,2023-07-12,,
REF1694,HH2644,CHW007,2023-05-17,,
REF1695,HH2646,CHW006,2023-05-05,,
REF1696,HH2647,CHW001,2023-10-21,,
REF1697,HH2649,CHW003,2023-07-22,2023-07-23,FAC020
REF1698,HH2652,CHW004,2023-02-25,,
REF1699,HH2655,CHW001,2023-07-04,,
REF1700,HH2657,CHW001,2023-12-23,,
REF1701,HH2658,CHW002,2023-09-05,2023-09-14,FAC020
REF1702,HH2660,CHW008,2023-02-19,,
REF1703,HH2661,CHW002,2023-06-17,,
REF1704,HH2662,CHW009,2023-11-12,,
REF1705,HH2663,CHW010,2023-08-14,,
REF1706,HH2665,CHW001,2023-03-05,,
REF1707,HH2668,CHW007,2023-04-27,2023-05-11,FAC005
REF1708,HH2669,CHW002,2023-06-17,2023-06-18,FAC020
REF1709,HH2670,CHW010,2023-03-11,2023-03-24,FAC013
REF1710,HH2671,CHW005,2023-10-13,2023-11-08,FAC014
REF1711,HH2672,CHW005,2023-01-08,,
REF1712,HH2673,CHW008,2023-06-24,,
REF1713,HH2675,CHW007,2023-05-05,,
REF1714,HH2678,CHW006,2023-11-08,,
REF1715,HH2680,CHW005,2023-08-20,,
REF1716,HH2681,CHW007,2023-06-11,2023-06-20,FAC004
REF1717,HH2682,CHW002,2023-09-15,,
REF1718,HH2683,CHW007,2023-01-04,,
REF1719,HH2684,CHW007,2023-12-31,2024-01-19,FAC020
REF1720,HH2685,CHW006,2023-01-07,,
REF1721,HH2686,CHW007,2023-03-26,,
REF1722,HH2687,CHW003,2023-04-15,,
REF1723,HH2689,CHW009,2023-08-25,2023-09-11,FAC006
REF1724,HH2690,CHW005,2023-03-05,,
REF1725,HH2692,CHW005,2023-12-01,2023-12-08,FAC003
REF1726,HH2694,CHW005,2023-11-11,,
REF1727,HH2695,CHW002,2023-08-13,2023-08-23,FAC006
REF1728,HH2697,CHW003,2023-09-01,2023-09-29,FAC003
REF1729,HH2698,CHW010,2023-05-07,,
REF1730,HH2699,CHW001,2023-11-08,,
REF1731,HH2701,CHW005,2023-01-19,,
REF1732,HH2703,CHW006,2023-05-23,,
REF1733,HH2704,CHW009,2023-10-01,,
REF1734,HH2705,CHW008,2023-01-08,,
REF1735,HH2708,CHW010,2023-06-06,,
REF1736,HH2709,CHW008,2023-05-21,2023-06-16,FAC003
REF1737,HH2710,CHW010,2023-07-15,,
REF1738,HH2711,CHW009,2023-04-26,2023-05-22,FAC004
REF1739,HH2712,CHW003,2023-11-27,,
REF1740,HH2713,CHW003,2023-03-30,,
REF1741,HH2716,CHW001,2023-12-21,2024-01-20,FAC001
REF1742,HH2717,CHW009,2023-11-02,2023-11-20,FAC003
REF1743,HH2718,CHW005,2023-07-10,,
REF1744,HH2719,CHW004,2023-06-13,,
REF1745,HH2720,CHW008,2023-08-04,2023-09-01,FAC019
REF1746,HH2722,CHW001,2023-07-26,,
REF1747,HH2723,CHW006,2023-10-29,,
REF1748,HH2724,CHW001,2023-08-10,2023-08-11,FAC013
REF1749,HH2726,CHW001,2023-10-05,,
REF1750,HH2727,CHW010,2023-11-13,,
REF1751,HH2728,CHW004,2023-08-03,2023-08-27,FAC019
REF1752,HH2730,CHW001,2023-04-30,,
REF1753,HH2734,CHW003,2023-12-26,,
REF1754,HH2735,CHW009,2023-10-14,2023-10-17,FAC018
REF1755,HH2736,CHW001,2023-07-08,2023-07-25,FAC011
REF1756,HH2737,CHW002,2023-09-07,2023-09-17,FAC013
REF1757,HH2742,CHW005,2023-07-07,,
REF1758,HH2743,CHW005,2023-09-06,,
REF1759,HH2745,CHW008,2023-12-30,2024-01-29,FAC011
REF1760,HH2750,CHW002,2023-10-05,2023-10-31,FAC012
REF1761,HH2751,CHW009,2023-12-24,,
REF1762,HH2753,CHW002,2023-04-06,2023-05-03,FAC015
REF1763,HH2755,CHW008,2023-08-09,,
REF1764,HH2756,CHW002,2023-10-15,,
REF1765,HH2762,CHW009,2023-11-09,,
REF1766,HH2763,CHW004,2023-08-13,,
REF1767,HH2764,CHW007,2023-07-27,,
REF1768,HH2765,CHW004,2023-05-09,,
REF1769,HH2766,CHW006,2023-07-15,2023-07-17,FAC011
REF1770,HH2767,CHW006,2023-08-17,2023-09-01,FAC020
REF1771,HH2768,CHW006,2023-02-10,,
REF1772,HH2770,CHW006,2023-01-22,,
REF1773,HH2772,CHW002,2023-09-17,,
REF1774,HH2773,CHW003,2023-06-01,2023-06-24,FAC006
REF1775,HH2776,CHW002,2023-04-04,,
REF1776,HH2779,CHW003,2023-12-02,,
REF1777,HH2780,CHW006,2023-08-13,,
REF1778,HH2782,CHW010,2023-07-07,,
REF1779,HH2784,CHW001,2023-12-20,2023-12-22,FAC007
REF1780,HH2785,CHW007,2023-09-17,,
REF1781,HH2789,CHW002,2023-01-31,,
REF1782,HH2790,CHW001,2023-10-20,2023-11-04,FAC016
REF1783,HH2791,CHW005,2023-12-23,,
REF1784,HH2794,CHW001,2023-07-21,,
REF1785,HH2796,CHW002,2023-04-19,,
REF1786,HH2797,CHW003,2023-02-24,2023-03-02,FAC019
REF1787,HH2798,CHW003,2023-04-24,,
REF1788,HH2802,CHW002,2023-07-21,2023-08-19,FAC011
REF1789,HH2803,CHW008,2023-10-16,,
REF1790,HH2804,CHW003,2023-03-29,2023-04-06,FAC008
REF1791,HH2805,CHW007,2023-01-05,2023-01-11,FAC003
REF1792,HH2806,CHW005,2023-08-26,,
REF1793,HH2807,CHW002,2023-03-24,,
REF1794,HH2808,CHW003,2023-11-28,,
REF1795,HH2809,CHW009,2023-09-25,,
REF1796,HH2811,CHW009,2023-04-19,2023-05-08,FAC011
REF1797,HH2812,CHW010,2023-08-26,,
REF1798,HH2814,CHW004,2023-10-01,,
REF1799,HH2817,CHW002,2023-03-28,2023-04-15,FAC007
REF1800,HH2819,CHW003,2023-01-31,,
REF1801,HH2820,CHW004,2023-09-26,,
REF1802,HH2821,CHW006,2023-11-05,,
REF1803,HH2822,CHW001,2023-01-19,,
REF1804,HH2824,CHW008,2023-03-07,,
REF1805,HH2826,CHW001,2023-05-10,,
REF1806,HH2827,CHW006,2023-11-01,2023-11-30,FAC019
REF1807,HH2828,CHW002,2023-03-09,,
REF1808,HH2829,CHW002,2023-12-16,2024-01-05,FAC002
REF1809,HH2830,CHW003,2023-03-03,,
REF1810,HH2831,CHW009,2023-02-04,,
REF1811,HH2832,CHW004,2023-08-03,,
REF1812,HH2833,CHW006,2023-07-21,,
REF1813,HH2834,CHW003,2023-10-20,2023-11-08,FAC010
REF1814,HH2836,CHW007,2023-12-17,,
REF1815,HH2837,CHW006,2023-06-04,2023-07-02,FAC006
REF1816,HH2838,CHW007,2023-08-11,,
REF1817,HH2840,CHW009,2023-06-14,,
REF1818,HH2843,CHW003,2023-06-09,,
REF1819,HH2846,CHW001,2023-09-30,2023-10-27,FAC002
REF1820,HH2849,CHW006,2023-07-19,,
REF1821,HH2850,CHW007,2023-11-22,2023-12-04,FAC019
REF1822,HH2852,CHW002,2023-04-17,2023-04-29,FAC001
REF1823,HH2853,CHW009,2023-01-05,,
REF1824,HH2855,CHW010,2023-07-23,,
REF1825,HH2856,CHW004,2023-08-21,2023-09-13,FAC019
REF1826,HH2857,CHW002,2023-04-03,,
REF1827,HH2858,CHW005,2023-10-06,2023-10-20,FAC004
REF1828,HH2859,CHW005,2023-06-08,,
REF1829,HH2860,CHW008,2023-02-23,,
REF1830,HH2861,CHW002,2023-09-29,2023-10-11,FAC018
REF1831,HH2862,CHW008,2023-10-13,,
REF1832,HH2863,CHW005,2023-04-01,,
REF1833,HH2866,CHW003,2023-08-16,,
REF1834,HH2869,CHW006,2023-08-13,,
REF1835,HH2870,CHW006,2023-09-23,,
REF1836,HH2872,CHW006,2023-12-06,2023-12-16,FAC008
REF1837,HH2873,CHW010,2023-03-05,,
REF1838,HH2874,CHW002,2023-03-26,2023-04-07,FAC012
REF1839,HH2875,CHW003,2023-04-01,2023-04-25,FAC016
REF1840,HH2878,CHW004,2023-09-25,2023-10-11,FAC008
REF1841,HH2879,CHW006,2023-03-08,2023-03-10,FAC016
REF1842,HH2880,CHW007,2023-01-26,2023-02-15,FAC016
REF1843,HH2881,CHW002,2023-04-13,2023-04-26,FAC004
REF1844,HH2882,CHW006,2023-10-11,,
REF1845,HH2883,CHW008,2023-12-29,,
REF1846,HH2885,CHW004,2023-03-14,,
REF1847,HH2886,CHW005,2023-03-20,,
REF1848,HH2887,CHW003,2023-07-01,,
REF1849,HH2888,CHW006,2023-07-10,,
REF1850,HH2889,CHW008,2023-02-04,2023-02-26,FAC016
REF1851,HH2891,CHW004,2023-03-04,,
REF1852,HH2893,CHW009,2023-12-06,2023-12-17,FAC009
REF1853,HH2894,CHW008,2023-07-05,,
REF1854,HH2895,CHW002,2023-02-14,,
REF1855,HH2896,CHW006,2023-08-08,2023-08-15,FAC019
REF1856,HH2897,CHW006,2023-10-08,,
REF1857,HH2899,CHW001,2023-11-15,,
REF1858,HH2901,CHW010,2023-08-09,,
REF1859,HH2902,CHW008,2023-01-19,2023-02-04,FAC016
REF1860,HH2903,CHW004,2023-11-05,,
REF1861,HH2904,CHW001,2023-06-23,,
REF1862,HH2905,CHW004,2023-11-20,,
REF1863,HH2908,CHW002,2023-06-30,2023-07-10,FAC019
REF1864,HH2910,CHW001,2023-08-04,2023-08-26,FAC014
REF1865,HH2912,CHW002,2023-04-14,,
REF1866,HH2914,CHW006,2023-12-24,,
REF1867,HH2915,CHW005,2023-08-07,2023-08-28,FAC019
REF1868,HH2916,CHW006,2023-10-19,2023-10-31,FAC019
REF1869,HH2917,CHW008,2023-04-02,2023-04-16,FAC007
REF1870,HH2918,CHW007,2023-05-01,,
REF1871,HH2919,CHW010,2023-10-19,2023-11-10,FAC014
REF1872,HH2920,CHW004,2023-06-19,2023-06-28,FAC003
REF1873,HH2921,CHW005,2023-03-04,2023-03-27,FAC009
REF1874,HH2923,CHW005,2023-09-27,2023-10-08,FAC017
REF1875,HH2925,CHW009,2023-09-25,2023-09-26,FAC019
REF1876,HH2927,CHW001,2023-06-17,,
REF1877,HH2933,CHW004,2023-06-20,,
REF1878,HH2936,CHW005,2023-07-04,2023-07-17,FAC008
REF1879,HH2937,CHW002,2023-04-25,2023-05-24,FAC006
REF1880,HH2938,CHW004,2023-03-22,2023-04-01,FAC015
REF1881,HH2939,CHW005,2023-05-16,2023-05-31,FAC019
REF1882,HH2940,CHW007,2023-10-04,,
REF1883,HH2941,CHW006,2023-12-29,,
REF1884,HH2949,CHW006,2023-10-21,2023-10-22,FAC008
REF1885,HH2950,CHW004,2023-07-29,2023-08-27,FAC014
REF1886,HH2951,CHW008,2023-01-06,,
REF1887,HH2952,CHW010,2023-06-11,,
REF1888,HH2954,CHW010,2023-05-13,2023-06-05,FAC005
REF1889,HH2958,CHW001,2023-07-31,,
REF1890,HH2959,CHW002,2023-11-25,2023-11-29,FAC020
REF1891,HH2961,CHW009,2023-10-02,,
REF1892,HH2962,CHW003,2023-09-16,2023-09-18,FAC019
REF1893,HH2963,CHW006,2023-07-21,,
REF1894,HH2964,CHW003,2023-09-06,,
REF1895,HH2966,CHW001,2023-09-29,2023-10-22,FAC018
REF1896,HH2967,CHW007,2023-12-09,2024-01-05,FAC016
REF1897,HH2968,CHW005,2023-01-19,2023-02-07,FAC020
REF1898,HH2969,CHW010,2023-12-22,,
REF1899,HH2971,CHW008,2023-05-11,2023-06-08,FAC010
REF1900,HH2972,CHW003,2023-02-27,,
REF1901,HH2975,CHW005,2023-08-15,,
REF1902,HH2977,CHW001,2023-11-11,,
REF1903,HH2978,CHW006,2023-12-16,,
REF1904,HH2980,CHW010,2023-06-12,,
REF1905,HH2982,CHW010,2023-01-09,2023-02-04,FAC020
REF1906,HH2983,CHW003,2023-12-01,2023-12-04,FAC011
REF1907,HH2985,CHW006,2023-12-25,,
REF1908,HH2986,CHW003,2023-03-30,,
REF1909,HH2988,CHW010,2023-01-14,2023-01-18,FAC008
REF1910,HH2989,CHW009,2023-01-23,2023-02-19,FAC003
REF1911,HH2990,CHW003,2023-02-18,2023-02-28,FAC017
REF1912,HH2992,CHW009,2023-10-02,2023-10-27,FAC019
REF1913,HH2993,CHW002,2023-05-15,,
REF1914,HH2994,CHW003,2023-01-22,,
REF1915,HH2997,CHW007,2023-03-02,,
REF1916,HH2998,CHW002,2023-08-12,2023-08-22,FAC003
REF1917,HH2999,CHW001,2023-03-25,2023-04-18,FAC016
REF1918,HH3000,CHW009,2023-12-25,,
REF1919,HH3001,CHW003,2023-10-29,,
REF1920,HH3002,CHW003,2023-02-26,,
REF1921,HH3003,CHW007,2023-01-11,2023-01-23,FAC007
REF1922,HH3007,CHW009,2023-03-24,,
REF1923,HH3008,CHW010,2023-01-31,,
REF1924,HH3010,CHW009,2023-07-17,,
REF1925,HH3014,CHW004,2023-12-06,2023-12-26,FAC005
REF1926,HH3015,CHW002,2023-06-28,,
REF1927,HH3016,CHW002,2023-06-16,,
REF1928,HH3017,CHW008,2023-02-18,,
REF1929,HH3019,CHW005,2023-02-08,,
REF1930,HH3021,CHW007,2023-10-05,2023-10-27,FAC001
REF1931,HH3022,CHW003,2023-07-12,,
REF1932,HH3023,CHW010,2023-10-22,2023-11-11,FAC017
REF1933,HH3024,CHW010,2023-03-25,,
REF1934,HH3025,CHW001,2023-06-02,,
REF1935,HH3026,CHW003,2023-08-05,,
REF1936,HH3028,CHW009,2023-08-23,2023-09-12,FAC019
REF1937,HH3031,CHW004,2023-08-23,,
REF1938,HH3032,CHW009,2023-02-24,,
REF1939,HH3034,CHW009,2023-01-06,,
REF1940,HH3036,CHW001,2023-07-24,,
REF1941,HH3037,CHW005,2023-05-10,2023-06-08,FAC018
REF1942,HH3038,CHW010,2023-04-08,2023-05-05,FAC018
REF1943,HH3039,CHW009,2023-11-13,,
REF1944,HH3040,CHW002,2023-08-01,,
REF1945,HH3042,CHW001,2023-06-26,,
REF1946,HH3043,CHW010,2023-11-27,2023-12-06,FAC019
REF1947,HH3044,CHW004,2023-10-05,,
REF1948,HH3045,CHW009,2023-01-10,,
REF1949,HH3046,CHW001,2023-02-27,,
REF1950,HH3047,CHW002,2023-04-29,,
REF1951,HH3051,CHW010,2023-08-12,,
REF1952,HH3053,CHW006,2023-04-21,2023-05-07,FAC010
REF1953,HH3054,CHW008,2023-06-05,2023-06-19,FAC011
REF1954,HH3055,CHW003,2023-04-29,,
REF1955,HH3056,CHW003,2023-06-20,,
REF1956,HH3057,CHW010,2023-01-02,2023-01-05,FAC003
REF1957,HH3059,CHW008,2023-08-06,,
REF1958,HH3061,CHW003,2023-03-13,2023-03-30,FAC011
REF1959,HH3063,CHW001,2023-01-27,,
REF1960,HH3064,CHW005,2023-08-21,2023-08-28,FAC012
REF1961,HH3065,CHW003,2023-08-13,,
REF1962,HH3066,CHW008,2023-07-02,2023-07-31,FAC020
REF1963,HH3067,CHW004,2023-06-20,2023-06-27,FAC014
REF1964,HH3068,CHW002,2023-12-19,2024-01-04,FAC017
REF1965,HH3073,CHW004,2023-04-26,,
REF1966,HH3074,CHW002,2023-08-06,,
REF1967,HH3076,CHW010,2023-10-29,,
REF1968,HH3077,CHW003,2023-07-12,,
REF1969,HH3078,CHW001,2023-10-28,2023-11-15,FAC020
REF1970,HH3079,CHW009,2023-09-03,2023-10-03,FAC011
REF1971,HH3082,CHW007,2023-09-21,,
REF1972,HH3083,CHW010,2023-08-23,,
REF1973,HH3084,CHW006,2023-06-18,2023-07-05,FAC004
REF1974,HH3089,CHW005,2023-02-20,,
REF1975,HH3091,CHW004,2023-04-18,,
REF1976,HH3093,CHW002,2023-06-22,,
REF1977,HH3094,CHW010,2023-03-27,2023-04-07,FAC005
REF1978,HH3096,CHW006,2023-11-18,,
REF1979,HH3097,CHW001,2023-08-26,,
REF1980,HH3098,CHW004,2023-12-11,2023-12-30,FAC003
REF1981,HH3100,CHW005,2023-11-27,,
REF1982,HH3104,CHW009,2023-04-16,,
REF1983,HH3105,CHW004,2023-09-18,2023-09-26,FAC020
REF1984,HH3107,CHW007,2023-07-07,2023-07-28,FAC011
REF1985,HH3108,CHW007,2023-05-03,,
REF1986,HH3111,CHW008,2023-04-04,,
REF1987,HH3112,CHW007,2023-01-03,,
REF1988,HH3115,CHW006,2023-04-15,2023-04-27,FAC004
REF1989,HH3116,CHW001,2023-12-09,,
REF1990,HH3117,CHW001,2023-03-15,,
REF1991,HH3118,CHW009,2023-05-15,,
REF1992,HH3120,CHW010,2023-10-22,2023-11-16,FAC020
REF1993,HH3122,CHW010,2023-08-21,2023-09-18,FAC008
REF1994,HH3124,CHW002,2023-05-17,,
REF1995,HH3126,CHW005,2023-01-18,,
REF1996,HH3127,CHW002,2023-04-16,2023-05-03,FAC008
REF1997,HH3128,CHW004,2023-07-27,,
REF1998,HH3135,CHW002,2023-01-29,,
REF1999,HH3136,CHW005,2023-10-17,,
REF2000,HH3138,CHW010,2023-02-20,2023-03-07,FAC001
REF2001,HH3141,CHW002,2023-06-02,2023-07-01,FAC007
REF2002,HH3143,CHW001,2023-06-06,2023-06-08,FAC016
REF2003,HH3144,CHW001,2023-10-07,,
REF2004,HH3145,CHW001,2023-11-01,,
REF2005,HH3147,CHW010,2023-01-06,2023-01-10,FAC016
REF2006,HH3148,CHW004,2023-06-20,,
REF2007,HH3153,CHW001,2023-06-11,,
REF2008,HH3155,CHW008,2023-08-21,,
REF2009,HH3156,CHW003,2023-06-04,2023-06-25,FAC013
REF2010,HH3158,CHW002,2023-12-07,,
REF2011,HH3159,CHW008,2023-07-12,,
REF2012,HH3160,CHW006,2023-02-18,2023-03-05,FAC020
REF2013,HH3162,CHW005,2023-12-21,2023-12-25,FAC004
REF2014,HH3163,CHW010,2023-02-26,,
REF2015,HH3164,CHW007,2023-11-07,,
REF2016,HH3166,CHW007,2023-01-05,2023-01-22,FAC008
REF2017,HH3168,CHW008,2023-11-14,2023-11-16,FAC013
REF2018,HH3169,CHW010,2023-09-28,,
REF2019,HH3170,CHW003,2023-06-16,,
REF2020,HH3171,CHW005,2023-01-21,,
REF2021,HH3172,CHW007,2023-05-21,2023-05-24,FAC006
REF2022,HH3174,CHW006,2023-01-01,2023-01-19,FAC017
REF2023,HH3175,CHW007,2023-05-30,,
REF2024,HH3176,CHW010,2023-01-02,2023-01-28,FAC001
REF0048,HH2375,CHW002,2023-08-01,2023-08-15,FAC013
REF2026,HH3085,CHW003,2023-01-01,,
